WigleWifi-1.4,appRelease=2.25,model=LG-D722,release=5.0.2,device=jagnm,display=LRX22G.A1442060254,board=MSM8226,brand=lge,,,
MAC,SSID,AuthMode,FirstSeen,Channel,RSSI,CurrentLatitude,CurrentLongitude,AltitudeMeters,AccuracyMeters,Type
ec:8c:a2:08:94:18,Ariel_University,[ESS],2017-11-02 12:34:59,1,-77,32.1034378,35.20824074,689,3,WIFI
1c:b9:c4:12:7c:c8,Ariel_University,[ESS],2017-11-02 12:34:59,11,-88,32.1034378,35.20824074,689,3,WIFI
1c:b9:c4:16:d2:88,Ariel_University,[ESS],2017-11-02 12:34:59,11,-82,32.1034378,35.20824074,689,3,WIFI
30:e1:71:0d:e0:63,DIRECT-61-HP DeskJet 3630 series,[WPA2-PSK-CCMP][ESS],2017-11-02 12:34:59,6,-92,32.1034378,35.20824074,689,3,WIFI
1c:b9:c4:16:28:e8,Ariel_University,[ESS],2017-11-02 12:34:59,1,-91,32.1034378,35.20824074,689,3,WIFI
1c:b9:c4:12:90:b8,Ariel_University,[ESS],2017-11-02 12:34:59,11,-93,32.1034378,35.20824074,689,3,WIFI
42503_6791_2105347,Pelephone,UNKNOWN;il,2017-11-02 12:34:59,0,-113,32.1034378,35.20824074,689,3,GSM
50:8f:4c:72:04:21,moria's,[WPA2-PSK-CCMP][ESS],2017-11-02 12:35:01,1,-93,32.10344093,35.20820327,689,4,WIFI
14:ae:db:57:60:c5,Nata,[WPA2-PSK-CCMP][ESS],2017-11-02 12:35:01,11,-94,32.10344093,35.20820327,689,4,WIFI
ec:8c:a2:09:0c:c8,Ariel_University,[ESS],2017-11-02 12:35:01,1,-87,32.10344093,35.20820327,689,4,WIFI
00:12:2a:39:2c:3c,netbox-550b,[WPA-PSK-CCMP+TKIP][WPA2-PSK-CCMP+TKIP][WPS][ESS],2017-11-02 12:35:01,1,-94,32.10344093,35.20820327,689,4,WIFI
8c:59:c3:e8:f2:12,M9BLAT,[WPA2-PSK-CCMP][ESS],2017-11-02 12:35:01,11,-98,32.10344093,35.20820327,689,4,WIFI
14:ae:db:cb:05:f5,Mama,[WPA-PSK-CCMP+TKIP][WPA2-PSK-CCMP+TKIP][WPS][ESS],2017-11-02 12:35:01,11,-98,32.10344093,35.20820327,689,4,WIFI
ec:8c:a2:08:78:38,Ariel_University,[ESS],2017-11-02 12:35:01,1,-88,32.10344093,35.20820327,689,4,WIFI
ec:8c:a2:09:8c:38,Ariel_University,[ESS],2017-11-02 12:35:01,1,-89,32.10344093,35.20820327,689,4,WIFI
ec:8c:a2:08:90:c8,Ariel_University,[ESS],2017-11-02 12:35:01,11,-97,32.10344093,35.20820327,689,4,WIFI
50:8f:4c:72:04:21,moria's,[WPA2-PSK-CCMP][ESS],2017-11-02 12:35:58,1,-74,32.10350979,35.20765786,679,10,WIFI
ec:8c:a2:08:90:c8,Ariel_University,[ESS],2017-11-02 12:35:58,11,-92,32.10350979,35.20765786,679,10,WIFI
ec:8c:a2:09:03:38,Ariel_University,[ESS],2017-11-02 12:35:58,1,-88,32.10350979,35.20765786,679,10,WIFI
ec:8c:a2:08:7a:18,Ariel_University,[ESS],2017-11-02 12:35:58,1,-78,32.10350979,35.20765786,679,10,WIFI
ec:8c:a2:26:ae:28,Ariel_University,[ESS],2017-11-02 12:35:58,11,-71,32.10350979,35.20765786,679,10,WIFI
ec:8c:a2:26:b0:58,Ariel_University,[ESS],2017-11-02 12:35:58,6,-75,32.10350979,35.20765786,679,10,WIFI
1c:b9:c4:14:2b:18,Ariel_University,[ESS],2017-11-02 12:35:58,11,-97,32.10350979,35.20765786,679,10,WIFI
ec:8c:a2:26:ae:28,Ariel_University,[ESS],2017-11-02 12:36:00,11,-65,32.10351154,35.2076567,678,10,WIFI
ec:8c:a2:26:b0:58,Ariel_University,[ESS],2017-11-02 12:36:00,6,-68,32.10351154,35.2076567,678,10,WIFI
ec:8c:a2:08:a3:b8,Ariel_University,[ESS],2017-11-02 12:36:00,11,-80,32.10351154,35.2076567,678,10,WIFI
ec:8c:a2:09:8e:d8,Ariel_University,[ESS],2017-11-02 12:36:00,1,-81,32.10351154,35.2076567,678,10,WIFI
00:27:19:e3:2d:fe,AUC_51_3,[ESS],2017-11-02 12:36:00,1,-83,32.10351154,35.2076567,678,10,WIFI
ec:8c:a2:08:ab:d8,Ariel_University,[ESS],2017-11-02 12:36:00,1,-84,32.10351154,35.2076567,678,10,WIFI
ec:8c:a2:08:96:48,Ariel_University,[ESS],2017-11-02 12:36:00,11,-86,32.10351154,35.2076567,678,10,WIFI
1c:b9:c4:16:28:88,Ariel_University,[ESS],2017-11-02 12:36:00,11,-88,32.10351154,35.2076567,678,10,WIFI
ec:8c:a2:08:99:68,Ariel_University,[ESS],2017-11-02 12:36:00,11,-88,32.10351154,35.2076567,678,10,WIFI
1c:b9:c4:15:36:78,Ariel_University,[ESS],2017-11-02 12:36:00,1,-92,32.10351154,35.2076567,678,10,WIFI
ec:8c:a2:0a:08:28,Ariel_University,[ESS],2017-11-02 12:36:20,6,-86,32.10352859,35.20778716,674,44,WIFI
ec:8c:a2:0a:11:e8,Ariel_University,[ESS],2017-11-02 12:36:20,1,-98,32.10352859,35.20778716,674,44,WIFI
ec:8c:a2:0a:11:e8,Ariel_University,[ESS],2017-11-02 12:38:39,1,-84,32.10362484,35.20748236,672,95,WIFI
ec:8c:a2:09:84:f8,Ariel_University,[ESS],2017-11-02 12:38:39,1,-92,32.10362484,35.20748236,672,95,WIFI
ec:8c:a2:0a:11:98,Ariel_University,[ESS],2017-11-02 12:38:39,11,-94,32.10362484,35.20748236,672,95,WIFI
ec:8c:a2:26:b0:58,Ariel_University,[ESS],1970-01-01 02:00:00,6,-93,32.0990550733332,35.2145140733334,0,20.7032833099365,WIFI
ec:8c:a2:0a:11:e8,Ariel_University,[ESS],1970-01-01 02:00:00,1,-85,32.0990550733332,35.2145140733334,0,20.7032833099365,WIFI
ec:8c:a2:26:b0:58,Ariel_University,[ESS],1970-01-01 02:00:00,6,-90,32.0992439066666,35.2142235066667,0,20.7032833099365,WIFI
ec:8c:a2:0a:11:e8,Ariel_University,[ESS],1970-01-01 02:00:00,1,-86,32.0992439066666,35.2142235066667,0,20.7032833099365,WIFI
ec:8c:a2:26:b0:58,Ariel_University,[ESS],1970-01-01 02:00:00,6,-86,32.0993572066666,35.2140491666667,0,20.7032833099365,WIFI
ec:8c:a2:0a:11:e8,Ariel_University,[ESS],1970-01-01 02:00:00,1,-87,32.0993572066666,35.2140491666667,0,20.7032833099365,WIFI
ec:8c:a2:26:b0:58,Ariel_University,[ESS],1970-01-01 02:00:00,6,-86,32.0994705066666,35.2138748266667,0,20.7032833099365,WIFI
ec:8c:a2:0a:11:e8,Ariel_University,[ESS],1970-01-01 02:00:00,1,-85,32.0994705066666,35.2138748266667,0,20.7032833099365,WIFI
ec:8c:a2:26:b0:58,Ariel_University,[ESS],1970-01-01 02:00:00,6,-86,32.0995838066666,35.2137004866667,0,20.7032833099365,WIFI
ec:8c:a2:0a:11:e8,Ariel_University,[ESS],1970-01-01 02:00:00,1,-89,32.0995838066666,35.2137004866667,0,20.7032833099365,WIFI
ec:8c:a2:26:b0:58,Ariel_University,[ESS],1970-01-01 02:00:00,6,-94,32.0997726399999,35.21340992,0,20.7032833099365,WIFI
ec:8c:a2:0a:11:e8,Ariel_University,[ESS],1970-01-01 02:00:00,1,-88,32.0997726399999,35.21340992,0,20.7032833099365,WIFI
ec:8c:a2:26:b0:58,Ariel_University,[ESS],1970-01-01 02:00:00,6,-95,32.0999237066666,35.2131774666667,0,20.7032833099365,WIFI
ec:8c:a2:0a:11:e8,Ariel_University,[ESS],1970-01-01 02:00:00,1,-90,32.0999237066666,35.2131774666667,0,20.7032833099365,WIFI
ec:8c:a2:26:b0:58,Ariel_University,[ESS],1970-01-01 02:00:00,6,-90,32.1000370066666,35.2130031266667,0,20.7032833099365,WIFI
ec:8c:a2:0a:11:e8,Ariel_University,[ESS],1970-01-01 02:00:00,1,-85,32.1000370066666,35.2130031266667,0,20.7032833099365,WIFI
ec:8c:a2:26:b0:58,Ariel_University,[ESS],1970-01-01 02:00:00,6,-91,32.1001503066666,35.2128287866667,0,20.7032833099365,WIFI
ec:8c:a2:0a:11:e8,Ariel_University,[ESS],1970-01-01 02:00:00,1,-87,32.1001503066666,35.2128287866667,0,20.7032833099365,WIFI
ec:8c:a2:26:b0:58,Ariel_University,[ESS],1970-01-01 02:00:00,6,-91,32.1002636066666,35.2126544466667,0,20.7032833099365,WIFI
ec:8c:a2:0a:11:e8,Ariel_University,[ESS],1970-01-01 02:00:00,1,-86,32.1002636066666,35.2126544466667,0,20.7032833099365,WIFI
ec:8c:a2:26:b0:58,Ariel_University,[ESS],1970-01-01 02:00:00,6,-91,32.1003391399999,35.21253822,0,20.7032833099365,WIFI
ec:8c:a2:0a:11:e8,Ariel_University,[ESS],1970-01-01 02:00:00,1,-86,32.1003391399999,35.21253822,0,20.7032833099365,WIFI
ec:8c:a2:26:b0:58,Ariel_University,[ESS],1970-01-01 02:00:00,6,-91,32.1011322399999,35.21131784,0,20.7032833099365,WIFI
ec:8c:a2:0a:11:e8,Ariel_University,[ESS],1970-01-01 02:00:00,1,-92,32.1011322399999,35.21131784,0,20.7032833099365,WIFI
ec:8c:a2:0a:11:e8,Ariel_University,[ESS],1970-01-01 02:00:00,1,-89,32.1013210733333,35.2110272733334,0,20.7032833099365,WIFI
ec:8c:a2:0a:11:e8,Ariel_University,[ESS],1970-01-01 02:00:00,1,-95,32.1014343733333,35.2108529333333,0,20.7032833099365,WIFI
ec:8c:a2:26:b0:58,Ariel_University,[ESS],1970-01-01 02:00:00,6,-94,32.1014343733333,35.2108529333333,0,20.7032833099365,WIFI
ec:8c:a2:0a:11:e8,Ariel_University,[ESS],1970-01-01 02:00:00,1,-95,32.1015476733333,35.2106785933333,0,20.7032833099365,WIFI
ec:8c:a2:26:b0:58,Ariel_University,[ESS],1970-01-01 02:00:00,6,-94,32.1015476733333,35.2106785933333,0,20.7032833099365,WIFI
ec:8c:a2:0a:11:e8,Ariel_University,[ESS],1970-01-01 02:00:00,1,-95,32.1016609733333,35.2105042533333,0,20.7032833099365,WIFI
ec:8c:a2:26:b0:58,Ariel_University,[ESS],1970-01-01 02:00:00,6,-94,32.1016609733333,35.2105042533333,0,20.7032833099365,WIFI
ec:8c:a2:0a:11:e8,Ariel_University,[ESS],1970-01-01 02:00:00,1,-95,32.1017742733333,35.2103299133333,0,20.7032833099365,WIFI
ec:8c:a2:0a:11:e8,Ariel_University,[ESS],1970-01-01 02:00:00,1,-98,32.1018875733333,35.2101555733333,0,20.7032833099365,WIFI
ec:8c:a2:0a:11:e8,Ariel_University,[ESS],1970-01-01 02:00:00,1,-93,32.1020008733333,35.2099812333333,0,20.7032833099365,WIFI
ec:8c:a2:0a:11:e8,Ariel_University,[ESS],1970-01-01 02:00:00,1,-91,32.1021141733333,35.2098068933333,0,20.7032833099365,WIFI
ec:8c:a2:26:b0:58,Ariel_University,[ESS],1970-01-01 02:00:00,6,-91,32.1021141733333,35.2098068933333,0,20.7032833099365,WIFI
ec:8c:a2:0a:11:e8,Ariel_University,[ESS],1970-01-01 02:00:00,1,-91,32.1022274733333,35.2096325533333,0,20.7032833099365,WIFI
ec:8c:a2:26:b0:58,Ariel_University,[ESS],1970-01-01 02:00:00,6,-91,32.1022274733333,35.2096325533333,0,20.7032833099365,WIFI
ec:8c:a2:0a:11:e8,Ariel_University,[ESS],1970-01-01 02:00:00,1,-94,32.10237854,35.2094001,0,20.7032833099365,WIFI
ec:8c:a2:0a:11:e8,Ariel_University,[ESS],1970-01-01 02:00:00,1,-92,32.1025296066666,35.2091676466667,0,20.7032833099365,WIFI
ec:8c:a2:0a:11:e8,Ariel_University,[ESS],1970-01-01 02:00:00,1,-92,32.1026429066666,35.2089933066667,0,20.7032833099365,WIFI
ec:8c:a2:26:b0:58,Ariel_University,[ESS],1970-01-01 02:00:00,6,-91,32.1026429066666,35.2089933066667,0,20.7032833099365,WIFI
ec:8c:a2:0a:11:e8,Ariel_University,[ESS],1970-01-01 02:00:00,1,-95,32.1027562066666,35.2088189666667,0,20.7032833099365,WIFI
ec:8c:a2:26:b0:58,Ariel_University,[ESS],1970-01-01 02:00:00,6,-95,32.1027562066666,35.2088189666667,0,20.7032833099365,WIFI
ec:8c:a2:0a:11:e8,Ariel_University,[ESS],1970-01-01 02:00:00,1,-92,32.1029072733333,35.2085865133333,0,20.7032833099365,WIFI
ec:8c:a2:26:b0:58,Ariel_University,[ESS],1970-01-01 02:00:00,6,-95,32.1029072733333,35.2085865133333,0,20.7032833099365,WIFI
ec:8c:a2:0a:11:e8,Ariel_University,[ESS],1970-01-01 02:00:00,1,-89,32.10305834,35.20835406,0,20.7032833099365,WIFI
ec:8c:a2:26:b0:58,Ariel_University,[ESS],1970-01-01 02:00:00,6,-85,32.10305834,35.20835406,0,20.7032833099365,WIFI
ec:8c:a2:0a:11:e8,Ariel_University,[ESS],1970-01-01 02:00:00,1,-89,32.1032471733333,35.2080634933333,0,20.7032833099365,WIFI
ec:8c:a2:26:b0:58,Ariel_University,[ESS],1970-01-01 02:00:00,6,-83,32.1032471733333,35.2080634933333,0,20.7032833099365,WIFI
ec:8c:a2:0a:11:e8,Ariel_University,[ESS],1970-01-01 02:00:00,1,-91,32.1033604733333,35.2078891533333,0,20.7032833099365,WIFI
ec:8c:a2:26:b0:58,Ariel_University,[ESS],1970-01-01 02:00:00,6,-87,32.1033604733333,35.2078891533333,0,20.7032833099365,WIFI
ec:8c:a2:0a:11:e8,Ariel_University,[ESS],1970-01-01 02:00:00,1,-84,32.10351154,35.2076567,0,20.7032833099365,WIFI
ec:8c:a2:26:b0:58,Ariel_University,[ESS],1970-01-01 02:00:00,6,-77,32.10351154,35.2076567,0,20.7032833099365,WIFI
ec:8c:a2:0a:11:e8,Ariel_University,[ESS],2017-11-02 12:38:42,1,-84,32.10357417,35.20742238,676,49,WIFI
ec:8c:a2:26:b0:58,Ariel_University,[ESS],2017-11-02 12:38:42,6,-70,32.10357417,35.20742238,676,49,WIFI
ec:8c:a2:0a:11:98,Ariel_University,[ESS],2017-11-02 12:38:59,11,-83,32.10345136,35.20761392,682,8,WIFI
a0:8c:fd:0a:14:5b,DIRECT-F1-HP DeskJet 3630 series,[WPA2-PSK-CCMP][ESS],2017-11-02 12:38:59,6,-95,32.10345136,35.20761392,682,8,WIFI
00:25:86:cc:00:f8,AUC_54_R,[ESS],2017-11-02 12:38:59,5,-91,32.10345136,35.20761392,682,8,WIFI
ec:8c:a2:08:90:c8,Ariel_University,[ESS],2017-11-02 12:39:01,11,-83,32.10346646,35.20762103,683,5,WIFI
ec:8c:a2:08:a9:28,Ariel_University,[ESS],2017-11-02 12:39:01,11,-95,32.10346646,35.20762103,683,5,WIFI
c4:12:f5:85:12:7d,Si_2.4G,[WPA2-PSK-CCMP][ESS],2017-11-02 12:40:01,5,-95,32.10342101,35.20854576,687,4,WIFI
00:1a:dd:f5:e2:e5,Afikim_Wifi,[ESS],2017-11-02 12:40:06,9,-95,32.1034108,35.20863,688,4,WIFI
c4:12:f5:85:12:7d,Si_2.4G,[WPA2-PSK-CCMP][ESS],2017-11-02 12:40:09,5,-87,32.10340591,35.20865757,690,5,WIFI
34:8f:27:20:8c:18,Ariel_University,[ESS],2017-11-02 12:40:09,1,-100,32.10340591,35.20865757,690,5,WIFI
34:8f:27:20:8c:18,Ariel_University,[ESS],2017-11-02 12:40:13,1,-94,32.10342293,35.20871157,689,4,WIFI
1c:b9:c4:16:13:08,Ariel_University,[ESS],2017-11-02 12:40:31,11,-89,32.10331857,35.20892592,688,9,WIFI
1c:b9:c4:12:7c:c8,Ariel_University,[ESS],2017-11-02 12:40:31,11,-71,32.10331857,35.20892592,688,9,WIFI
8c:0c:90:2d:75:e8,Ariel_University,[ESS],2017-11-02 12:40:31,1,-94,32.10331857,35.20892592,688,9,WIFI
ec:8c:a2:08:78:c8,Ariel_University,[ESS],2017-11-02 12:40:31,6,-89,32.10331857,35.20892592,688,9,WIFI
ec:8c:a2:08:94:18,Ariel_University,[ESS],2017-11-02 12:40:31,1,-67,32.10331857,35.20892592,688,9,WIFI
ec:8c:a2:08:78:c8,Ariel_University,[ESS],2017-11-02 12:40:31,6,-69,32.10331857,35.20892592,688,9,WIFI
24:79:2a:2c:3d:68,Ariel_University,[ESS],2017-11-02 12:40:31,11,-90,32.10331857,35.20892592,688,9,WIFI
ec:8c:a2:08:78:c8,Ariel_University,[ESS],2017-11-02 12:40:31,6,-62,32.10331857,35.20892592,688,9,WIFI
1c:b9:c4:16:f4:28,Ariel_University,[ESS],2017-11-02 12:40:31,11,-93,32.10331857,35.20892592,688,9,WIFI
c4:12:f5:f5:43:b2,Elay,[WPA2-PSK-CCMP][ESS],2017-11-02 20:03:00,10,-94,32.10371276,35.20553737,658,14,WIFI
24:c9:a1:33:3b:68,Ariel_University,[ESS],2017-11-02 20:03:00,6,-82,32.10371276,35.20553737,658,14,WIFI
24:c9:a1:36:5d:28,Ariel_University,[ESS],2017-11-02 20:03:00,6,-56,32.10371276,35.20553737,658,14,WIFI
24:c9:a1:35:aa:88,Ariel_University,[ESS],2017-11-02 20:03:00,1,-94,32.10371276,35.20553737,658,14,WIFI
24:c9:a1:36:59:e8,Ariel_University,[ESS],2017-11-02 20:03:00,11,-55,32.10371276,35.20553737,658,14,WIFI
8c:0c:90:2f:36:a8,Ariel_University,[ESS],2017-11-02 20:03:00,6,-73,32.10371276,35.20553737,658,14,WIFI
8c:0c:90:2e:19:28,Ariel_University,[ESS],2017-11-02 20:03:00,1,-69,32.10371276,35.20553737,658,14,WIFI
e0:10:7f:1a:9d:88,Ariel_University,[ESS],2017-11-02 20:03:00,11,-82,32.10371276,35.20553737,658,14,WIFI
e0:10:7f:1a:89:c8,Ariel_University,[ESS],2017-11-02 20:03:00,11,-90,32.10371276,35.20553737,658,14,WIFI
24:c9:a1:36:5b:78,Ariel_University,[ESS],2017-11-02 20:03:00,11,-86,32.10371276,35.20553737,658,14,WIFI
24:c9:a1:36:52:08,Ariel_University,[ESS],2017-11-02 20:03:00,6,-72,32.10371276,35.20553737,658,14,WIFI
24:c9:a1:36:51:b8,Ariel_University,[ESS],2017-11-02 20:03:00,2,-78,32.10371276,35.20553737,658,14,WIFI
24:c9:a1:36:52:f8,Ariel_University,[ESS],2017-11-02 20:03:00,1,-88,32.10371276,35.20553737,658,14,WIFI
24:c9:a1:36:57:88,Ariel_University,[ESS],2017-11-02 20:03:00,11,-74,32.10371276,35.20553737,658,14,WIFI
e0:10:7f:1e:31:58,Ariel_University,[ESS],2017-11-02 20:03:00,1,-89,32.10371276,35.20553737,658,14,WIFI
8c:0c:90:2f:cc:38,Ariel_University,[ESS],2017-11-02 20:03:00,11,-90,32.10371276,35.20553737,658,14,WIFI
42503_6791_2105347,Pelephone,UNKNOWN;il,2017-11-02 20:03:00,0,-113,32.10371276,35.20553737,658,14,GSM
c4:12:f5:f5:43:b2,Elay,[WPA2-PSK-CCMP][ESS],2017-11-02 20:03:30,10,-88,32.10393236,35.20518173,647,15,WIFI
24:c9:a1:33:3b:68,Ariel_University,[ESS],2017-11-02 20:03:30,6,-77,32.10393236,35.20518173,647,15,WIFI
8c:0c:90:2f:36:a8,Ariel_University,[ESS],2017-11-02 20:03:30,6,-65,32.10393236,35.20518173,647,15,WIFI
e0:10:7f:1a:9d:88,Ariel_University,[ESS],2017-11-02 20:03:30,11,-74,32.10393236,35.20518173,647,15,WIFI
24:c9:a1:36:5b:78,Ariel_University,[ESS],2017-11-02 20:03:30,11,-79,32.10393236,35.20518173,647,15,WIFI
24:c9:a1:36:52:f8,Ariel_University,[ESS],2017-11-02 20:03:30,1,-79,32.10393236,35.20518173,647,15,WIFI
18:a6:f7:84:d1:7e,TP-LINK_Ariel,[WPA2-PSK-CCMP][WPS][ESS],2017-11-02 20:03:30,11,-69,32.10393236,35.20518173,647,15,WIFI
24:c9:a1:33:3c:68,Ariel_University,[ESS],2017-11-02 20:03:30,1,-82,32.10393236,35.20518173,647,15,WIFI
24:c9:a1:35:a6:98,Ariel_University,[ESS],2017-11-02 20:03:30,6,-85,32.10393236,35.20518173,647,15,WIFI
24:c9:a1:35:a6:48,Ariel_University,[ESS],2017-11-02 20:03:30,6,-87,32.10393236,35.20518173,647,15,WIFI
8c:0c:90:2f:76:c8,Ariel_University,[ESS],2017-11-02 20:03:30,6,-88,32.10393236,35.20518173,647,15,WIFI
24:c9:a1:36:58:78,Ariel_University,[ESS],2017-11-02 20:03:30,11,-92,32.10393236,35.20518173,647,15,WIFI
1c:b9:c4:16:cc:a8,Ariel_University,[ESS],2017-11-02 20:03:30,6,-85,32.10393236,35.20518173,647,15,WIFI
24:c9:a1:36:55:f8,Ariel_University,[ESS],2017-11-02 20:03:30,11,-92,32.10393236,35.20518173,647,15,WIFI
24:c9:a1:33:3d:08,Ariel_University,[ESS],2017-11-02 20:03:30,6,-81,32.10393236,35.20518173,647,15,WIFI
24:c9:a1:36:2f:38,Ariel_University,[ESS],2017-11-02 20:03:30,1,-95,32.10393236,35.20518173,647,15,WIFI
24:c9:a1:33:34:68,Ariel_University,[ESS],2017-11-02 20:03:30,11,-95,32.10393236,35.20518173,647,15,WIFI
24:c9:a1:33:38:38,Ariel_University,[ESS],2017-11-02 20:03:30,1,-91,32.10393236,35.20518173,647,15,WIFI
24:c9:a1:36:51:b8,Ariel_University,[ESS],2017-11-02 20:04:22,2,-70,32.1041068,35.2053136,659,20,WIFI
24:c9:a1:35:a6:98,Ariel_University,[ESS],2017-11-02 20:04:22,6,-78,32.1041068,35.2053136,659,20,WIFI
24:c9:a1:36:2f:38,Ariel_University,[ESS],2017-11-02 20:04:22,1,-90,32.1041068,35.2053136,659,20,WIFI
74:da:38:13:f4:8a,tatalex666_2EX,[WPA2-PSK-CCMP][WPS][ESS],2017-11-02 20:04:22,1,-100,32.1041068,35.2053136,659,20,WIFI
8c:0c:90:01:38:08,Ariel_University,[ESS],2017-11-02 20:04:22,6,-87,32.1041068,35.2053136,659,20,WIFI
24:c9:a1:33:34:68,Ariel_University,[ESS],2017-11-02 20:04:22,11,-67,32.1041068,35.2053136,659,20,WIFI
24:c9:a1:76:5c:73,island-365C70,[WPA2-PSK-CCMP][ESS],2017-11-02 20:04:49,11,-79,32.10453475,35.20540174,656,20,WIFI
74:da:38:13:f4:8a,tatalex666_2EX,[WPA2-PSK-CCMP][WPS][ESS],2017-11-02 20:04:49,1,-89,32.10453475,35.20540174,656,20,WIFI
a0:4f:d4:2b:11:c1,israela_2.4,[WPA2-PSK-CCMP][ESS],2017-11-02 20:04:49,1,-88,32.10453475,35.20540174,656,20,WIFI
8c:0c:90:2f:2b:98,Ariel_University,[ESS],2017-11-02 20:04:49,6,-86,32.10453475,35.20540174,656,20,WIFI
8c:0c:90:2f:cc:38,Ariel_University,[ESS],2017-11-02 20:04:49,11,-79,32.10453475,35.20540174,656,20,WIFI
f0:b0:52:3e:ce:38,Ariel_University,[ESS],2017-11-02 20:04:49,1,-92,32.10453475,35.20540174,656,20,WIFI
8c:0c:90:2f:35:38,Ariel_University,[ESS],2017-11-02 20:04:49,6,-84,32.10453475,35.20540174,656,20,WIFI
24:c9:a1:35:d3:68,Ariel_University,[ESS],2017-11-02 20:04:49,11,-94,32.10453475,35.20540174,656,20,WIFI
24:c9:a1:35:d3:68,Ariel_University,[ESS],2017-11-02 20:04:49,11,-82,32.10453475,35.20540174,656,20,WIFI
24:c9:a1:75:e7:e3,island-35E7E0,[WPA2-PSK-CCMP][ESS],2017-11-02 20:04:49,11,-79,32.10453475,35.20540174,656,20,WIFI
8c:0c:90:2e:d4:58,Ariel_University,[ESS],2017-11-02 20:04:49,6,-80,32.10453475,35.20540174,656,20,WIFI
e0:10:7f:1a:99:f8,Ariel_University,[ESS],2017-11-02 20:04:49,6,-84,32.10453475,35.20540174,656,20,WIFI
6c:aa:b3:08:24:98,Ariel_University,[ESS],2017-11-02 20:04:49,1,-95,32.10453475,35.20540174,656,20,WIFI
24:c9:a1:75:e7:e3,island-35E7E0,[WPA2-PSK-CCMP][ESS],2017-11-02 20:05:20,11,-60,32.10500674,35.20557598,670,20,WIFI
8c:0c:90:2e:d4:58,Ariel_University,[ESS],2017-11-02 20:05:20,6,-72,32.10500674,35.20557598,670,20,WIFI
e0:10:7f:1a:99:f8,Ariel_University,[ESS],2017-11-02 20:05:20,6,-77,32.10500674,35.20557598,670,20,WIFI
e0:10:7f:1a:b2:58,Ariel_University,[ESS],2017-11-02 20:05:20,11,-86,32.10500674,35.20557598,670,20,WIFI
42503_6791_2105347,Pelephone,UNKNOWN;il,2017-11-02 20:05:20,0,-113,32.10500674,35.20557598,670,20,GSM
e0:10:7f:1a:99:f8,Ariel_University,[ESS],2017-11-02 20:05:20,6,-71,32.10500674,35.20557598,670,20,WIFI
e0:10:7f:1a:b2:58,Ariel_University,[ESS],2017-11-02 20:05:20,11,-72,32.10500674,35.20557598,670,20,WIFI
c4:e9:84:d0:40:5f,kar140_2.4GHz_100M,[WPA2-PSK-CCMP][WPS][ESS],2017-11-02 20:05:20,1,-94,32.10500674,35.20557598,670,20,WIFI
24:c9:a1:36:2a:68,Ariel_University,[ESS],2017-11-02 20:05:20,11,-80,32.10500674,35.20557598,670,20,WIFI
8c:0c:90:2d:79:78,Ariel_University,[ESS],2017-11-02 20:05:20,1,-83,32.10500674,35.20557598,670,20,WIFI
8c:0c:90:2e:e8:08,Ariel_University,[ESS],2017-11-02 20:05:20,11,-92,32.10500674,35.20557598,670,20,WIFI
e0:10:7f:1e:55:48,Ariel_University,[ESS],2017-11-02 20:05:20,1,-92,32.10500674,35.20557598,670,20,WIFI
e0:10:7f:1a:99:f8,Ariel_University,[ESS],2017-11-02 20:05:50,6,-51,32.10546896,35.20555072,652,29,WIFI
8c:0c:90:2d:79:78,Ariel_University,[ESS],2017-11-02 20:05:50,1,-78,32.10546896,35.20555072,652,29,WIFI
e0:10:7f:1e:55:48,Ariel_University,[ESS],2017-11-02 20:05:50,1,-86,32.10546896,35.20555072,652,29,WIFI
8c:0c:90:2f:ca:58,Ariel_University,[ESS],2017-11-02 20:05:50,3,-72,32.10546896,35.20555072,652,29,WIFI
e0:10:7f:1a:95:c8,Ariel_University,[ESS],2017-11-02 20:05:50,11,-76,32.10546896,35.20555072,652,29,WIFI
8c:0c:90:2f:36:48,Ariel_University,[ESS],2017-11-02 20:05:50,3,-84,32.10546896,35.20555072,652,29,WIFI
2c:5d:93:3e:f5:38,Ariel_University,[ESS],2017-11-02 20:05:50,6,-90,32.10546896,35.20555072,652,29,WIFI
8c:0c:90:2e:0e:88,Ariel_University,[ESS],2017-11-02 20:05:50,6,-94,32.10546896,35.20555072,652,29,WIFI
24:c9:a1:36:4d:c8,Ariel_University,[ESS],2017-11-02 20:05:50,11,-96,32.10546896,35.20555072,652,29,WIFI
8c:0c:90:2e:0e:88,Ariel_University,[ESS],2017-11-02 20:06:21,6,-80,32.1055698,35.20565482,670,16,WIFI
8c:0c:90:2e:0e:58,Ariel_University,[ESS],2017-11-02 20:06:21,11,-76,32.1055698,35.20565482,670,16,WIFI
8c:0c:90:2d:7a:58,Ariel_University,[ESS],2017-11-02 20:06:21,6,-75,32.1055698,35.20565482,670,16,WIFI
24:c9:a1:15:7c:18,Ariel_University,[ESS],2017-11-02 20:06:21,3,-84,32.1055698,35.20565482,670,16,WIFI
06:ae:db:52:51:55,BezeqFree,[WPA2-PSK-CCMP][ESS],2017-11-02 20:06:21,6,-98,32.1055698,35.20565482,670,16,WIFI
f0:b0:52:3e:d9:b8,Ariel_University,[ESS],2017-11-02 20:06:21,1,-81,32.1055698,35.20565482,670,16,WIFI
f0:b0:52:3e:c8:08,Ariel_University,[ESS],2017-11-02 20:06:21,1,-90,32.1055698,35.20565482,670,16,WIFI
ec:8c:a2:26:d2:98,Ariel_University,[ESS],2017-11-02 20:06:21,11,-92,32.1055698,35.20565482,670,16,WIFI
e0:10:7f:1e:55:48,Ariel_University,[ESS],2017-11-02 20:06:21,1,-80,32.1055698,35.20565482,670,16,WIFI
f0:b0:52:3e:c8:08,Ariel_University,[ESS],2017-11-02 20:06:52,1,-83,32.10544845,35.20616761,659,11,WIFI
e0:10:7f:1e:55:48,Ariel_University,[ESS],2017-11-02 20:06:52,1,-70,32.10544845,35.20616761,659,11,WIFI
24:c9:a1:36:20:88,Ariel_University,[ESS],2017-11-02 20:06:52,1,-79,32.10544845,35.20616761,659,11,WIFI
06:ae:db:52:51:55,BezeqFree,[WPA2-PSK-CCMP][ESS],2017-11-02 20:06:52,6,-83,32.10544845,35.20616761,659,11,WIFI
14:ae:db:52:51:55,abadi1,[WPA2-PSK-CCMP][ESS],2017-11-02 20:06:52,6,-85,32.10544845,35.20616761,659,11,WIFI
f0:b0:52:3e:ca:38,Ariel_University,[ESS],2017-11-02 20:06:52,11,-82,32.10544845,35.20616761,659,11,WIFI
1c:b9:c4:15:fd:68,Ariel_University,[ESS],2017-11-02 20:06:52,11,-89,32.10544845,35.20616761,659,11,WIFI
f0:b0:52:3e:ca:d8,Ariel_University,[ESS],2017-11-02 20:06:52,1,-94,32.10544845,35.20616761,659,11,WIFI
e0:10:7f:1a:99:f8,Ariel_University,[ESS],2017-11-02 20:07:24,6,-84,32.10557455,35.20680378,666,36,WIFI
f0:b0:52:3e:c8:08,Ariel_University,[ESS],2017-11-02 20:07:24,1,-76,32.10557455,35.20680378,666,36,WIFI
f0:b0:52:3e:d9:b8,Ariel_University,[ESS],2017-11-02 20:07:24,1,-85,32.10557455,35.20680378,666,36,WIFI
f0:b0:52:3e:ca:38,Ariel_University,[ESS],2017-11-02 20:07:24,11,-68,32.10557455,35.20680378,666,36,WIFI
f0:b0:52:3e:ca:d8,Ariel_University,[ESS],2017-11-02 20:07:24,1,-75,32.10557455,35.20680378,666,36,WIFI
f0:b0:52:3e:c8:18,Ariel_University,[ESS],2017-11-02 20:07:24,11,-81,32.10557455,35.20680378,666,36,WIFI
ec:8c:a2:26:d2:c8,Ariel_University,[ESS],2017-11-02 20:07:24,11,-96,32.10557455,35.20680378,666,36,WIFI
ec:8c:a2:08:a4:38,Ariel_University,[ESS],2017-11-02 20:07:24,11,-86,32.10557455,35.20680378,666,36,WIFI
f0:b0:52:3e:c8:d8,Ariel_University,[ESS],2017-11-02 20:07:24,11,-93,32.10557455,35.20680378,666,36,WIFI
1c:b9:c4:16:05:38,Ariel_University,[ESS],2017-11-02 20:07:24,11,-94,32.10557455,35.20680378,666,36,WIFI
24:c9:a1:36:50:98,Ariel_University,[ESS],2017-11-02 20:07:24,1,-94,32.10557455,35.20680378,666,36,WIFI
42503_6791_2105347,Pelephone,UNKNOWN;il,2017-11-02 20:07:24,0,-113,32.10557455,35.20680378,666,36,GSM
f0:b0:52:3e:ca:d8,Ariel_University,[ESS],2017-11-02 20:07:24,1,-70,32.10557455,35.20680378,666,36,WIFI
ec:8c:a2:26:d2:c8,Ariel_University,[ESS],2017-11-02 20:07:24,11,-86,32.10557455,35.20680378,666,36,WIFI
f0:b0:52:3e:c8:d8,Ariel_University,[ESS],2017-11-02 20:07:24,11,-87,32.10557455,35.20680378,666,36,WIFI
f0:b0:52:3e:d6:f8,Ariel_University,[ESS],2017-11-02 20:07:24,6,-87,32.10557455,35.20680378,666,36,WIFI
f0:b0:52:3e:c7:b8,Ariel_University,[ESS],2017-11-02 20:07:24,1,-91,32.10557455,35.20680378,666,36,WIFI
f0:b0:52:3e:d0:38,Ariel_University,[ESS],2017-11-02 20:07:24,11,-91,32.10557455,35.20680378,666,36,WIFI
f0:b0:52:3e:da:18,Ariel_University,[ESS],2017-11-02 20:07:24,6,-93,32.10557455,35.20680378,666,36,WIFI
1c:b9:c4:16:05:78,Ariel_University,[ESS],2017-11-02 20:07:24,6,-93,32.10557455,35.20680378,666,36,WIFI
f0:b0:52:3e:c8:18,Ariel_University,[ESS],2017-11-02 20:08:16,11,-72,32.10559813,35.20726368,648,12,WIFI
f0:b0:52:3e:cc:18,Ariel_University,[ESS],2017-11-02 20:08:16,11,-92,32.10559813,35.20726368,648,12,WIFI
f0:b0:52:3e:d4:58,Ariel_University,[ESS],2017-11-02 20:08:16,11,-96,32.10559813,35.20726368,648,12,WIFI
f0:b0:52:3e:d8:e8,Ariel_University,[ESS],2017-11-02 20:08:16,6,-94,32.10559813,35.20726368,648,12,WIFI
ec:8c:a2:09:da:68,Ariel_University,[ESS],2017-11-02 20:08:16,6,-94,32.10559813,35.20726368,648,12,WIFI
f0:b0:52:3e:d1:38,Ariel_University,[ESS],2017-11-02 20:08:16,6,-96,32.10559813,35.20726368,648,12,WIFI
8c:0c:90:2d:7a:58,Ariel_University,[ESS],2017-11-02 20:08:16,6,-97,32.10559813,35.20726368,648,12,WIFI
f0:b0:52:3e:c8:18,Ariel_University,[ESS],1970-01-01 02:00:00,11,-72,32.10544845,35.20616761,0,104.775314331055,WIFI
ec:8c:a2:26:d2:c8,Ariel_University,[ESS],1970-01-01 02:00:00,11,-80,32.10544845,35.20616761,0,104.775314331055,WIFI
f0:b0:52:3e:cc:18,Ariel_University,[ESS],1970-01-01 02:00:00,11,-92,32.10544845,35.20616761,0,104.775314331055,WIFI
f0:b0:52:3e:d4:58,Ariel_University,[ESS],1970-01-01 02:00:00,11,-93,32.10544845,35.20616761,0,104.775314331055,WIFI
f0:b0:52:3e:d8:e8,Ariel_University,[ESS],1970-01-01 02:00:00,6,-94,32.10544845,35.20616761,0,104.775314331055,WIFI
ec:8c:a2:09:da:68,Ariel_University,[ESS],1970-01-01 02:00:00,6,-94,32.10544845,35.20616761,0,104.775314331055,WIFI
f0:b0:52:3e:d1:38,Ariel_University,[ESS],1970-01-01 02:00:00,6,-96,32.10544845,35.20616761,0,104.775314331055,WIFI
8c:0c:90:2d:7a:58,Ariel_University,[ESS],1970-01-01 02:00:00,6,-97,32.10544845,35.20616761,0,104.775314331055,WIFI
f0:b0:52:3e:ca:d8,Ariel_University,[ESS],2017-11-02 20:09:43,1,-92,32.10459632,35.20785727,681,29,WIFI
ec:8c:a2:26:d2:c8,Ariel_University,[ESS],2017-11-02 20:09:43,11,-86,32.10459632,35.20785727,681,29,WIFI
f0:b0:52:3e:d6:f8,Ariel_University,[ESS],2017-11-02 20:09:43,6,-92,32.10459632,35.20785727,681,29,WIFI
f0:b0:52:3e:d0:38,Ariel_University,[ESS],2017-11-02 20:09:43,11,-90,32.10459632,35.20785727,681,29,WIFI
f0:b0:52:3e:da:18,Ariel_University,[ESS],2017-11-02 20:09:43,6,-91,32.10459632,35.20785727,681,29,WIFI
ec:8c:a2:09:da:68,Ariel_University,[ESS],2017-11-02 20:09:43,6,-94,32.10459632,35.20785727,681,29,WIFI
1c:b9:c4:15:1c:b8,Ariel_University,[ESS],2017-11-02 20:09:43,1,-95,32.10459632,35.20785727,681,29,WIFI
1c:b9:c4:14:38:28,Ariel_University,[ESS],2017-11-02 20:09:43,6,-89,32.10459632,35.20785727,681,29,WIFI
ec:8c:a2:08:92:48,Ariel_University,[ESS],2017-11-02 20:09:43,11,-86,32.10459632,35.20785727,681,29,WIFI
ec:8c:a2:08:a9:28,Ariel_University,[ESS],2017-11-02 20:09:43,11,-94,32.10459632,35.20785727,681,29,WIFI
84:c9:b2:4a:e7:87,dlink,[WPS][ESS],2017-11-02 20:09:43,2,-95,32.10459632,35.20785727,681,29,WIFI
42503_6791_2105347,Pelephone,UNKNOWN;il,2017-11-02 20:09:43,0,-113,32.10459632,35.20785727,681,29,GSM
ec:8c:a2:08:7b:88,Ariel_University,[ESS],2017-11-02 20:10:09,6,-90,32.10427162,35.20794828,692,10,WIFI
00:25:86:cc:00:f8,AUC_54_R,[ESS],2017-11-02 20:10:09,5,-86,32.10427162,35.20794828,692,10,WIFI
ec:8c:a2:08:a9:28,Ariel_University,[ESS],2017-11-02 20:10:09,11,-87,32.10427162,35.20794828,692,10,WIFI
ec:8c:a2:0a:11:88,Ariel_University,[ESS],2017-11-02 20:10:09,1,-93,32.10427162,35.20794828,692,10,WIFI
ec:8c:a2:08:7b:88,Ariel_University,[ESS],2017-11-02 20:10:30,6,-79,32.10401797,35.20771098,688,19,WIFI
ec:8c:a2:08:7a:18,Ariel_University,[ESS],2017-11-02 20:10:58,1,-82,32.10357623,35.20742911,682,29,WIFI
ec:8c:a2:09:03:38,Ariel_University,[ESS],2017-11-02 20:10:58,1,-88,32.10357623,35.20742911,682,29,WIFI
ec:8c:a2:08:a9:38,Ariel_University,[ESS],2017-11-02 20:10:58,6,-92,32.10357623,35.20742911,682,29,WIFI
ec:8c:a2:08:90:c8,Ariel_University,[ESS],2017-11-02 20:10:58,11,-94,32.10357623,35.20742911,682,29,WIFI
ec:8c:a2:09:0c:c8,Ariel_University,[ESS],2017-11-02 20:10:58,1,-96,32.10357623,35.20742911,682,29,WIFI
ec:8c:a2:09:8c:38,Ariel_University,[ESS],2017-11-02 20:10:58,1,-87,32.10357623,35.20742911,682,29,WIFI
1c:b9:c4:16:f4:78,Ariel_University,[ESS],2017-11-02 20:10:58,1,-91,32.10357623,35.20742911,682,29,WIFI
42503_6791_2105347,Pelephone,UNKNOWN;il,2017-11-02 20:10:58,0,-113,32.10357623,35.20742911,682,29,GSM
ec:8c:a2:09:0c:c8,Ariel_University,[ESS],2017-11-02 20:11:28,1,-90,32.10346503,35.20791746,684,10,WIFI
f4:cb:52:f0:4f:35,Huawei_ALE_17a1,[WPA2-PSK-CCMP][ESS],2017-11-02 20:11:28,11,-85,32.10346503,35.20791746,684,10,WIFI
90:8d:78:55:1d:16,norden,[WPA2-PSK-CCMP][ESS],2017-11-02 20:11:28,10,-95,32.10346503,35.20791746,684,10,WIFI
1c:b9:c4:16:d2:88,Ariel_University,[ESS],2017-11-02 20:11:28,11,-86,32.10346503,35.20791746,684,10,WIFI
ec:8c:a2:08:78:38,Ariel_University,[ESS],2017-11-02 20:11:28,1,-82,32.10346503,35.20791746,684,10,WIFI
ec:8c:a2:08:a9:38,Ariel_University,[ESS],2017-11-02 20:11:28,6,-84,32.10346503,35.20791746,684,10,WIFI
f4:f2:6d:5e:9e:eb,Stern19,[WPA-PSK-CCMP+TKIP][WPA2-PSK-CCMP+TKIP][WPS][ESS],2017-11-02 20:11:28,6,-87,32.10346503,35.20791746,684,10,WIFI
14:ae:db:cf:86:f5,Biren2809,[WPA-PSK-CCMP+TKIP][WPA2-PSK-CCMP+TKIP][WPS][ESS],2017-11-02 20:11:28,11,-87,32.10346503,35.20791746,684,10,WIFI
14:ae:db:57:60:c5,Nata,[WPA2-PSK-CCMP][ESS],2017-11-02 20:11:28,11,-90,32.10346503,35.20791746,684,10,WIFI
c4:12:f5:3f:d1:75,natasha,[WPA2-PSK-CCMP][ESS],2017-11-02 20:11:28,1,-92,32.10346503,35.20791746,684,10,WIFI
e8:94:f6:d5:98:86,TP-LINK_D59886,[WPA2-PSK-CCMP][WPS][ESS],2017-11-02 20:11:28,3,-93,32.10346503,35.20791746,684,10,WIFI
d0:0f:6d:c0:fe:7f,natali,[WPA2-PSK-CCMP][ESS],2017-11-02 20:11:28,8,-94,32.10346503,35.20791746,684,10,WIFI
00:21:04:4c:2a:a2,Yan,[WPA-PSK-CCMP+TKIP][WPA2-PSK-CCMP+TKIP][ESS],2017-11-02 20:11:28,6,-96,32.10346503,35.20791746,684,10,WIFI
ec:8c:a2:09:03:38,Ariel_University,[ESS],2017-11-02 20:11:46,1,-83,32.10341606,35.20816842,666,11,WIFI
d0:0f:6d:c0:fe:7f,natali,[WPA2-PSK-CCMP][ESS],2017-11-02 20:11:46,8,-89,32.10341606,35.20816842,666,11,WIFI
c4:04:15:0f:75:b6,super-WIFI_2.4,[WPA2-PSK-CCMP][WPS][ESS],2017-11-02 20:11:46,1,-92,32.10341606,35.20816842,666,11,WIFI
ec:08:6b:39:95:c8,Salon,[WPA-PSK-CCMP+TKIP][WPA2-PSK-CCMP+TKIP][WPS][ESS],2017-11-02 20:11:46,9,-93,32.10341606,35.20816842,666,11,WIFI
6c:b0:ce:39:89:e7,amfisa2.4,[WPA2-PSK-CCMP][WPS][ESS],2017-11-02 20:11:46,11,-96,32.10341606,35.20816842,666,11,WIFI
d4:6e:0e:3c:2c:3a,natali,[WPA2-PSK-CCMP+TKIP][WPS][ESS],2017-11-02 20:11:46,8,-98,32.10341606,35.20816842,666,11,WIFI
5a:b0:ce:39:89:e4,Bezeq Free RA36CA,[ESS],2017-11-02 20:11:46,11,-93,32.10341606,35.20816842,666,11,WIFI
10:be:f5:39:8f:f2,LARISA,[WPA2-PSK-CCMP][ESS],2017-11-02 20:11:46,9,-87,32.10341606,35.20816842,666,11,WIFI
90:8d:78:55:1d:16,norden,[WPA2-PSK-CCMP][ESS],2017-11-02 20:11:46,10,-90,32.10341606,35.20816842,666,11,WIFI
00:12:2a:39:2c:3c,netbox-550b,[WPA-PSK-CCMP+TKIP][WPA2-PSK-CCMP+TKIP][WPS][ESS],2017-11-02 20:11:46,1,-85,32.10341606,35.20816842,666,11,WIFI
b0:48:7a:a1:80:8c,Knoch,[WPA-PSK-CCMP+TKIP][WPA2-PSK-CCMP+TKIP][WPS][ESS],2017-11-02 20:11:46,4,-93,32.10341606,35.20816842,666,11,WIFI
78:11:dc:1a:cf:d0,TamiRacheli,[WPA-PSK-CCMP+TKIP][WPA2-PSK-CCMP+TKIP][WPS][ESS],2017-11-02 20:11:46,8,-91,32.10341606,35.20816842,666,11,WIFI
10:be:f5:a7:b4:f4,Home,[WPA2-PSK-CCMP][ESS],2017-11-02 20:11:46,9,-93,32.10341606,35.20816842,666,11,WIFI
14:ae:db:cf:1e:e5,BEZEQINT-1EE1,[WPA-PSK-CCMP+TKIP][WPA2-PSK-CCMP+TKIP][WPS][ESS],2017-11-02 20:11:46,6,-95,32.10341606,35.20816842,666,11,WIFI
80:37:73:d7:ab:3a,Hoom_2.4,[WPA2-PSK-CCMP][WPS][ESS],2017-11-02 20:11:46,1,-95,32.10341606,35.20816842,666,11,WIFI
14:ae:db:43:88:35,BEZEQINT-8831,[WPA-PSK-CCMP+TKIP][WPA2-PSK-CCMP+TKIP][WPS][ESS],2017-11-02 20:11:46,6,-95,32.10341606,35.20816842,666,11,WIFI
d0:0f:6d:f1:35:2f,Sveta,[WPA2-PSK-CCMP][ESS],2017-11-02 20:11:46,4,-96,32.10341606,35.20816842,666,11,WIFI
1c:b9:c4:16:f1:98,Ariel_University,[ESS],2017-11-02 20:11:46,6,-94,32.10341606,35.20816842,666,11,WIFI
6a:37:73:d7:ab:3b,Bezeq Free AA107B,[ESS],2017-11-02 20:11:46,1,-94,32.10341606,35.20816842,666,11,WIFI
1c:b9:c4:14:33:c8,Ariel_University,[ESS],2017-11-02 20:11:46,11,-95,32.10341606,35.20816842,666,11,WIFI
c0:ac:54:f5:ff:4b,YanivIsGay,[WPA-PSK-CCMP+TKIP][WPA2-PSK-CCMP+TKIP][ESS],2017-11-02 20:12:19,11,-91,32.10338326,35.20842735,675,11,WIFI
14:ae:db:cb:05:f5,Mama,[WPA-PSK-CCMP+TKIP][WPA2-PSK-CCMP+TKIP][WPS][ESS],2017-11-02 20:12:19,11,-98,32.10338326,35.20842735,675,11,WIFI
ec:8c:a2:08:94:18,Ariel_University,[ESS],2017-11-02 20:12:19,1,-84,32.10338326,35.20842735,675,11,WIFI
84:16:f9:d7:2d:dc,TP-LINK_2DDC,[WPA-PSK-CCMP][WPA2-PSK-CCMP][WPS][ESS],2017-11-02 20:12:19,5,-95,32.10338326,35.20842735,675,11,WIFI
14:ae:db:58:0d:6d,__ery,[WPA2-PSK-CCMP][ESS],2017-11-02 20:12:19,6,-96,32.10338326,35.20842735,675,11,WIFI
34:8f:27:20:8c:18,Ariel_University,[ESS],2017-11-02 20:12:19,1,-93,32.10338326,35.20842735,675,11,WIFI
30:e1:71:0d:e0:63,DIRECT-61-HP DeskJet 3630 series,[WPA2-PSK-CCMP][ESS],2017-11-02 20:12:50,6,-95,32.10348772,35.20873567,677,28,WIFI
1c:b9:c4:12:7c:c8,Ariel_University,[ESS],2017-11-02 20:12:50,11,-85,32.10348772,35.20873567,677,28,WIFI
1c:b9:c4:16:13:08,Ariel_University,[ESS],2017-11-02 20:12:50,11,-91,32.10348772,35.20873567,677,28,WIFI
8c:0c:90:2e:16:88,Ariel_University,[ESS],2017-11-02 20:12:50,1,-88,32.10348772,35.20873567,677,28,WIFI
1c:b9:c4:16:28:e8,Ariel_University,[ESS],2017-11-02 20:12:50,1,-88,32.10348772,35.20873567,677,28,WIFI
1c:b9:c4:16:f4:78,Ariel_University,[ESS],2017-11-02 20:12:50,1,-92,32.10348772,35.20873567,677,28,WIFI
1c:b9:c4:12:90:b8,Ariel_University,[ESS],2017-11-02 20:12:50,11,-93,32.10348772,35.20873567,677,28,WIFI
ec:8c:a2:08:78:c8,Ariel_University,[ESS],2017-11-02 20:12:50,6,-93,32.10348772,35.20873567,677,28,WIFI
ec:8c:a2:26:d3:68,Ariel_University,[ESS],2017-11-02 20:12:50,11,-93,32.10348772,35.20873567,677,28,WIFI
42503_6791_2105347,Pelephone,UNKNOWN;il,2017-11-02 20:12:50,0,-113,32.10348772,35.20873567,677,28,GSM
ec:8c:a2:26:d3:68,Ariel_University,[ESS],2017-11-02 20:12:50,11,-84,32.10348772,35.20873567,677,28,WIFI
ec:8c:a2:26:b0:e8,Ariel_University,[ESS],2017-11-02 20:12:50,1,-100,32.10348772,35.20873567,677,28,WIFI
1c:b9:c4:16:28:e8,Ariel_University,[ESS],2017-11-02 20:13:16,1,-83,32.10357146,35.20884102,683,24,WIFI
ec:8c:a2:26:b0:e8,Ariel_University,[ESS],2017-11-02 20:13:16,1,-87,32.10357146,35.20884102,683,24,WIFI
8c:0c:90:2e:16:88,Ariel_University,[ESS],2017-11-02 20:13:16,1,-83,32.10357146,35.20884102,683,24,WIFI
1c:b9:c4:16:12:e8,Ariel_University,[ESS],2017-11-02 20:13:16,11,-92,32.10357146,35.20884102,683,24,WIFI
10:be:f5:40:45:18,Bezeq_WiFi,[ESS],2017-11-02 20:13:16,6,-96,32.10357146,35.20884102,683,24,WIFI
1c:b9:c4:16:cc:d8,Ariel_University,[ESS],2017-11-02 20:13:16,1,-98,32.10357146,35.20884102,683,24,WIFI
1c:b9:c4:16:05:38,Ariel_University,[ESS],2017-11-02 20:13:16,11,-92,32.10357146,35.20884102,683,24,WIFI
1c:b9:c4:16:1d:78,Ariel_University,[ESS],2017-11-02 20:13:16,11,-90,32.10357146,35.20884102,683,24,WIFI
54:e6:fc:b5:1f:98,TP-LINK_B51F98,[WPS][ESS],2017-11-02 20:13:16,1,-95,32.10357146,35.20884102,683,24,WIFI
ec:8c:a2:26:d3:68,Ariel_University,[ESS],2017-11-02 20:13:16,11,-78,32.10357146,35.20884102,683,24,WIFI
1c:b9:c4:16:cc:d8,Ariel_University,[ESS],2017-11-02 20:13:16,1,-91,32.10357146,35.20884102,683,24,WIFI
30:e1:71:0d:e0:63,DIRECT-61-HP DeskJet 3630 series,[WPA2-PSK-CCMP][ESS],2017-11-02 20:13:16,6,-86,32.10357146,35.20884102,683,24,WIFI
1c:b9:c4:15:1c:b8,Ariel_University,[ESS],2017-11-02 20:13:16,1,-94,32.10357146,35.20884102,683,24,WIFI
1c:b9:c4:16:06:b8,Ariel_University,[ESS],2017-11-02 20:13:16,11,-95,32.10357146,35.20884102,683,24,WIFI
ec:8c:a2:26:d3:68,Ariel_University,[ESS],2017-11-02 20:13:49,11,-62,32.10425057,35.2092253,692,46,WIFI
ec:8c:a2:26:b0:e8,Ariel_University,[ESS],2017-11-02 20:13:49,1,-81,32.10425057,35.2092253,692,46,WIFI
1c:b9:c4:16:cc:d8,Ariel_University,[ESS],2017-11-02 20:13:49,1,-79,32.10425057,35.2092253,692,46,WIFI
30:e1:71:0d:e0:65,DIRECT-64-HP DeskJet 3630 series,[WPA2-PSK-CCMP][ESS],2017-11-02 20:13:49,6,-81,32.10425057,35.2092253,692,46,WIFI
00:25:86:cc:00:f8,AUC_54_R,[ESS],2017-11-02 20:13:49,5,-95,32.10425057,35.2092253,692,46,WIFI
1c:b9:c4:14:62:48,Ariel_University,[ESS],2017-11-02 20:13:49,11,-89,32.10425057,35.2092253,692,46,WIFI
1c:b9:c4:16:24:88,Ariel_University,[ESS],2017-11-02 20:13:49,11,-92,32.10425057,35.2092253,692,46,WIFI
ec:8c:a2:26:d3:68,Ariel_University,[ESS],2017-11-02 20:13:49,11,-56,32.10425057,35.2092253,692,46,WIFI
1c:b9:c4:14:62:48,Ariel_University,[ESS],2017-11-02 20:13:49,11,-80,32.10425057,35.2092253,692,46,WIFI
74:ea:3a:ad:d1:50,TP-LINK_ADD150,[WPS][ESS],2017-11-02 20:13:49,1,-91,32.10425057,35.2092253,692,46,WIFI
1c:b9:c4:15:23:58,Ariel_University,[ESS],2017-11-02 20:13:49,1,-98,32.10425057,35.2092253,692,46,WIFI
74:ea:3a:ad:d1:50,TP-LINK_ADD150,[WPS][ESS],2017-11-02 20:14:19,1,-79,32.10428032,35.20927124,670,38,WIFI
dc:4a:3e:cd:88:25,DIRECT-25-HP DeskJet 3830 series,[WPA2-PSK-CCMP][WPS][ESS],2017-11-02 20:14:19,1,-91,32.10428032,35.20927124,670,38,WIFI
00:11:6b:2a:90:3c,Cartiheal,[WPA-PSK-CCMP+TKIP][WPA2-PSK-CCMP+TKIP][WPS][ESS],2017-11-02 20:14:19,11,-89,32.10428032,35.20927124,670,38,WIFI
90:8d:78:54:6b:4d,Salomon,[WPA2-PSK-CCMP][ESS],2017-11-02 20:14:19,1,-90,32.10428032,35.20927124,670,38,WIFI
fc:75:16:53:0e:93,ArtSim,[WPA-PSK-CCMP][ESS],2017-11-02 20:14:19,6,-90,32.10428032,35.20927124,670,38,WIFI
c4:12:f5:85:27:b8,Neuropplied,[WPA2-PSK-CCMP][ESS],2017-11-02 20:14:19,11,-93,32.10428032,35.20927124,670,38,WIFI
90:8d:78:53:fe:d8,GIFTWIZARD,[WPA2-PSK-CCMP][ESS],2017-11-02 20:14:19,10,-91,32.10428032,35.20927124,670,38,WIFI
a0:8c:fd:8c:79:6f,DIRECT-6E-HP DeskJet 3630 series,[WPA2-PSK-CCMP][ESS],2017-11-02 20:14:19,6,-88,32.10428032,35.20927124,670,38,WIFI
d8:fe:e3:03:4f:a9,EVE,[WPA2-PSK-CCMP][ESS],2017-11-02 20:14:19,1,-93,32.10428032,35.20927124,670,38,WIFI
c8:be:19:09:6f:11,CliClap,[WPA-PSK-CCMP+TKIP][ESS],2017-11-02 20:14:19,6,-98,32.10428032,35.20927124,670,38,WIFI
c4:12:f5:fd:6a:74,mati-sh1,[WPA2-PSK-CCMP][ESS],2017-11-02 20:14:19,9,-93,32.10428032,35.20927124,670,38,WIFI
f8:e9:03:12:ef:3b,ShapeDo,[WPA2-PSK-CCMP][ESS],2017-11-02 20:14:19,1,-95,32.10428032,35.20927124,670,38,WIFI
d0:bf:9c:db:31:30,HP-Print-30-Officejet 7610,[WPA2-PSK-CCMP][ESS],2017-11-02 20:14:19,1,-96,32.10428032,35.20927124,670,38,WIFI
8c:0c:90:2f:cb:e8,Ariel_University,[ESS],2017-11-02 20:14:19,1,-85,32.10428032,35.20927124,670,38,WIFI
24:79:2a:2c:5b:d8,Ariel_University,[ESS],2017-11-02 20:14:19,1,-95,32.10428032,35.20927124,670,38,WIFI
1c:b9:c4:15:34:b8,Ariel_University,[ESS],2017-11-02 20:14:19,6,-97,32.10428032,35.20927124,670,38,WIFI
30:e1:71:0d:e0:67,DIRECT-66-HP DeskJet 3630 series,[WPA2-PSK-CCMP][ESS],2017-11-02 20:14:19,6,-92,32.10428032,35.20927124,670,38,WIFI
70:5a:0f:57:04:17,DIRECT-B1-HP DeskJet 3830 series,[WPA2-PSK-CCMP][WPS][ESS],2017-11-02 20:14:19,1,-96,32.10428032,35.20927124,670,38,WIFI
a0:8c:fd:8c:79:6f,DIRECT-6E-HP DeskJet 3630 series,[WPA2-PSK-CCMP][ESS],2017-11-02 20:14:19,6,-82,32.10428032,35.20927124,670,38,WIFI
24:79:2a:2c:5b:d8,Ariel_University,[ESS],2017-11-02 20:14:19,1,-86,32.10428032,35.20927124,670,38,WIFI
1c:b9:c4:15:34:b8,Ariel_University,[ESS],2017-11-02 20:14:19,6,-86,32.10428032,35.20927124,670,38,WIFI
70:5a:0f:57:04:17,DIRECT-B1-HP DeskJet 3830 series,[WPA2-PSK-CCMP][WPS][ESS],2017-11-02 20:14:49,1,-75,32.10462069,35.20985785,693,30,WIFI
c4:12:f5:85:35:78,incentive2,[WPA2-PSK-CCMP][ESS],2017-11-02 20:14:49,11,-82,32.10462069,35.20985785,693,30,WIFI
f8:d1:11:77:75:4e,iAgree,[WPA-PSK-CCMP+TKIP][WPA2-PSK-CCMP+TKIP][WPS][ESS],2017-11-02 20:14:49,7,-83,32.10462069,35.20985785,693,30,WIFI
f8:e9:03:12:ef:3b,ShapeDo,[WPA2-PSK-CCMP][ESS],2017-11-02 20:14:49,1,-90,32.10462069,35.20985785,693,30,WIFI
d0:bf:9c:db:31:30,HP-Print-30-Officejet 7610,[WPA2-PSK-CCMP][ESS],2017-11-02 20:14:49,1,-91,32.10462069,35.20985785,693,30,WIFI
d8:fe:e3:03:4f:a9,EVE,[WPA2-PSK-CCMP][ESS],2017-11-02 20:14:49,1,-85,32.10462069,35.20985785,693,30,WIFI
1c:b9:c4:15:44:58,Ariel_University,[ESS],2017-11-02 20:14:49,11,-88,32.10462069,35.20985785,693,30,WIFI
00:18:25:01:72:40,Coolnet-Hotspot,[ESS],2017-11-02 20:14:49,4,-93,32.10462069,35.20985785,693,30,WIFI
00:11:6b:11:7d:c7,yosh,[ESS],2017-11-02 20:14:49,13,-95,32.10462069,35.20985785,693,30,WIFI
1c:b9:c4:16:2d:e8,Ariel_University,[ESS],2017-11-02 20:14:49,11,-87,32.10462069,35.20985785,693,30,WIFI
1c:b9:c4:15:20:38,Ariel_University,[ESS],2017-11-02 20:14:49,11,-92,32.10462069,35.20985785,693,30,WIFI
1c:b9:c4:16:05:78,Ariel_University,[ESS],2017-11-02 20:14:49,6,-95,32.10462069,35.20985785,693,30,WIFI
42503_6791_2105347,Pelephone,UNKNOWN;il,2017-11-02 20:14:49,0,-113,32.10462069,35.20985785,693,30,GSM
24:c9:a1:36:52:d8,Ariel_University,[ESS],2017-11-02 20:14:49,11,-98,32.10462069,35.20985785,693,30,WIFI
1c:b9:c4:16:05:38,Ariel_University,[ESS],2017-11-02 20:15:21,11,-96,32.1046876,35.21038942,689,38,WIFI
1c:b9:c4:15:25:48,Ariel_University,[ESS],2017-11-02 20:15:21,1,-98,32.1046876,35.21038942,689,38,WIFI
c4:12:f5:fd:6a:74,mati-sh1,[WPA2-PSK-CCMP][ESS],2017-11-02 20:15:21,9,-95,32.1046876,35.21038942,689,38,WIFI
8c:0c:90:2f:36:58,Ariel_University,[ESS],2017-11-02 20:15:21,1,-92,32.1046876,35.21038942,689,38,WIFI
1c:b9:c4:15:42:68,Ariel_University,[ESS],2017-11-02 20:15:21,11,-93,32.1046876,35.21038942,689,38,WIFI
1c:b9:c4:16:05:78,Ariel_University,[ESS],2017-11-02 20:15:21,6,-90,32.1046876,35.21038942,689,38,WIFI
1c:b9:c4:14:30:08,Ariel_University,[ESS],2017-11-02 20:15:21,1,-95,32.1046876,35.21038942,689,38,WIFI
1c:b9:c4:14:30:08,Ariel_University,[ESS],2017-11-02 20:15:43,1,-88,32.10498476,35.21053946,688,34,WIFI
00:11:6b:11:7e:0c,yosh,[ESS],2017-11-02 20:15:43,1,-92,32.10498476,35.21053946,688,34,WIFI
00:1a:dd:f5:ce:05,Afikim_Wifi,[ESS],2017-11-02 20:15:43,9,-96,32.10498476,35.21053946,688,34,WIFI
1c:b9:c4:14:2b:c8,Ariel_University,[ESS],2017-11-02 20:15:43,11,-95,32.10498476,35.21053946,688,34,WIFI
1c:b9:c4:15:41:78,Ariel_University,[ESS],2017-11-02 20:15:43,11,-92,32.10498476,35.21053946,688,34,WIFI
1c:b9:c4:14:2b:c8,Ariel_University,[ESS],2017-11-02 20:15:43,11,-90,32.10498476,35.21053946,688,34,WIFI
1c:b9:c4:15:36:98,Ariel_University,[ESS],2017-11-02 20:16:16,6,-90,32.10496456,35.21089425,706,26,WIFI
1c:b9:c4:16:2b:e8,Ariel_University,[ESS],2017-11-02 20:16:16,6,-92,32.10496456,35.21089425,706,26,WIFI
42503_6791_2105347,Pelephone,UNKNOWN;il,2017-11-02 20:16:16,0,-113,32.10496456,35.21089425,706,26,GSM
1c:b9:c4:15:36:98,Ariel_University,[ESS],1970-01-01 02:00:00,6,-91,32.10462069,35.20985785,0,104.990333557129,WIFI
1c:b9:c4:15:44:88,Ariel_University,[ESS],1970-01-01 02:00:00,6,-99,32.10462069,35.20985785,0,104.990333557129,WIFI
1c:b9:c4:16:2b:e8,Ariel_University,[ESS],1970-01-01 02:00:00,6,-90,32.10462069,35.20985785,0,104.990333557129,WIFI
1c:b9:c4:15:36:98,Ariel_University,[ESS],2017-11-02 20:16:16,6,-91,32.10496456,35.21089425,706,26,WIFI
1c:b9:c4:16:2b:e8,Ariel_University,[ESS],2017-11-02 20:16:16,6,-86,32.10496456,35.21089425,706,26,WIFI
1c:b9:c4:15:44:88,Ariel_University,[ESS],2017-11-02 20:16:16,6,-91,32.10496456,35.21089425,706,26,WIFI
1c:b9:c4:14:2b:c8,Ariel_University,[ESS],2017-11-02 20:16:48,11,-87,32.10501062,35.21199709,704,41,WIFI
1c:b9:c4:15:44:88,Ariel_University,[ESS],2017-11-02 20:16:48,6,-92,32.10501062,35.21199709,704,41,WIFI
ec:8c:a2:08:79:a8,Ariel_University,[ESS],2017-11-02 20:16:48,1,-88,32.10501062,35.21199709,704,41,WIFI
1c:b9:c4:15:41:78,Ariel_University,[ESS],2017-11-02 20:16:48,11,-92,32.10501062,35.21199709,704,41,WIFI
1c:b9:c4:14:36:f8,Ariel_University,[ESS],2017-11-02 20:16:48,6,-95,32.10501062,35.21199709,704,41,WIFI
1c:b9:c4:15:ed:48,Ariel_University,[ESS],2017-11-02 20:16:48,11,-89,32.10501062,35.21199709,704,41,WIFI
42503_6791_2105347,Pelephone,UNKNOWN;il,2017-11-02 20:16:48,0,-113,32.10501062,35.21199709,704,41,GSM
1c:b9:c4:15:41:78,Ariel_University,[ESS],2017-11-02 20:17:20,11,-81,32.1045789,35.21148504,672,33,WIFI
8c:0c:90:2e:e8:18,Ariel_University,[ESS],2017-11-02 20:17:20,6,-91,32.1045789,35.21148504,672,33,WIFI
1c:b9:c4:16:e8:f8,Ariel_University,[ESS],2017-11-02 20:17:49,1,-81,32.10401534,35.21135479,669,42,WIFI
1c:b9:c4:14:36:f8,Ariel_University,[ESS],2017-11-02 20:17:49,6,-81,32.10401534,35.21135479,669,42,WIFI
1c:b9:c4:16:06:b8,Ariel_University,[ESS],2017-11-02 20:17:49,11,-92,32.10401534,35.21135479,669,42,WIFI
1c:b9:c4:15:ed:38,Ariel_University,[ESS],2017-11-02 20:17:49,6,-94,32.10401534,35.21135479,669,42,WIFI
8c:0c:90:2e:e8:18,Ariel_University,[ESS],2017-11-02 20:17:49,6,-84,32.10401534,35.21135479,669,42,WIFI
1c:b9:c4:16:06:b8,Ariel_University,[ESS],2017-11-02 20:17:49,11,-83,32.10401534,35.21135479,669,42,WIFI
8c:0c:90:2e:e8:18,Ariel_University,[ESS],2017-11-02 20:17:49,6,-75,32.10401534,35.21135479,669,42,WIFI
1c:b9:c4:15:ed:38,Ariel_University,[ESS],2017-11-02 20:17:49,6,-85,32.10401534,35.21135479,669,42,WIFI
30:e1:71:0d:e0:63,DIRECT-61-HP DeskJet 3630 series,[WPA2-PSK-CCMP][ESS],2017-11-02 20:17:49,6,-93,32.10401534,35.21135479,669,42,WIFI
8c:0c:90:2d:34:38,Ariel_University,[ESS],2017-11-02 20:17:49,11,-89,32.10401534,35.21135479,669,42,WIFI
1c:b9:c4:16:06:b8,Ariel_University,[ESS],2017-11-02 20:18:21,11,-77,32.10392834,35.21112756,670,49,WIFI
8c:0c:90:2d:34:38,Ariel_University,[ESS],2017-11-02 20:18:21,11,-82,32.10392834,35.21112756,670,49,WIFI
24:79:2a:2c:61:68,Ariel_University,[ESS],2017-11-02 20:18:21,6,-90,32.10392834,35.21112756,670,49,WIFI
8c:0c:90:2e:16:88,Ariel_University,[ESS],2017-11-02 20:18:21,1,-98,32.10392834,35.21112756,670,49,WIFI
c8:be:19:07:77:b9,Bezeq-N_0777b8,[ESS],2017-11-02 20:18:21,11,-89,32.10392834,35.21112756,670,49,WIFI
42503_6791_2105347,Pelephone,UNKNOWN;il,2017-11-02 20:18:21,0,-113,32.10392834,35.21112756,670,49,GSM
3c:52:82:ef:d4:52,DIRECT-51-HP DeskJet 3630 series,[WPA2-PSK-CCMP][ESS],2017-11-02 20:18:56,6,-88,32.10379702,35.21041236,668,46,WIFI
1c:b9:c4:15:fd:48,Ariel_University,[ESS],2017-11-02 20:18:56,1,-91,32.10379702,35.21041236,668,46,WIFI
d8:5d:4c:9e:69:22,AUC_4_2_24,[ESS],2017-11-02 20:18:56,1,-94,32.10379702,35.21041236,668,46,WIFI
24:79:2a:2c:5c:18,Ariel_University,[ESS],2017-11-02 20:18:56,11,-92,32.10379702,35.21041236,668,46,WIFI
24:79:2a:2b:bd:88,Ariel_University,[ESS],2017-11-02 20:18:56,11,-96,32.10379702,35.21041236,668,46,WIFI
24:79:2a:2b:07:b8,Ariel_University,[ESS],2017-11-02 20:18:56,11,-89,32.10379702,35.21041236,668,46,WIFI
24:79:2a:2c:5b:d8,Ariel_University,[ESS],2017-11-02 20:18:56,1,-98,32.10379702,35.21041236,668,46,WIFI
1c:b9:c4:16:06:b8,Ariel_University,[ESS],2017-11-02 20:19:20,11,-77,32.10360519,35.20983374,680,45,WIFI
24:79:2a:2b:bd:88,Ariel_University,[ESS],2017-11-02 20:19:20,11,-90,32.10360519,35.20983374,680,45,WIFI
30:e1:71:0d:e0:63,DIRECT-61-HP DeskJet 3630 series,[WPA2-PSK-CCMP][ESS],2017-11-02 20:19:20,6,-91,32.10360519,35.20983374,680,45,WIFI
1c:b9:c4:15:ed:b8,IT-MNG,[WPA2-PSK-CCMP+TKIP][ESS],2017-11-02 20:19:20,1,-95,32.10360519,35.20983374,680,45,WIFI
1c:b9:c4:16:e5:a8,Ariel_University,[ESS],2017-11-02 20:19:20,11,-95,32.10360519,35.20983374,680,45,WIFI
3c:52:82:ef:c4:3c,DIRECT-3B-HP DeskJet 3630 series,[WPA2-PSK-CCMP][ESS],2017-11-02 20:19:20,6,-94,32.10360519,35.20983374,680,45,WIFI
a0:8c:fd:0a:24:56,DIRECT-13-HP DeskJet 3630 series,[WPA2-PSK-CCMP][ESS],2017-11-02 20:19:20,6,-99,32.10360519,35.20983374,680,45,WIFI
00:1d:aa:81:d8:3c,KCG-ADSL,[WPA2-PSK-CCMP][WPS][ESS],2017-11-02 20:19:20,3,-100,32.10360519,35.20983374,680,45,WIFI
1c:b9:c4:16:ed:48,Ariel_University,[ESS],2017-11-02 20:19:20,6,-87,32.10360519,35.20983374,680,45,WIFI
1c:b9:c4:12:af:78,Ariel_University,[ESS],2017-11-02 20:19:20,11,-89,32.10360519,35.20983374,680,45,WIFI
42503_6791_2105347,Pelephone,UNKNOWN;il,2017-11-02 20:19:20,0,-113,32.10360519,35.20983374,680,45,GSM
00:1d:aa:81:d8:3c,KCG-ADSL,[WPA2-PSK-CCMP][WPS][ESS],2017-11-02 20:19:20,3,-90,32.10360519,35.20983374,680,45,WIFI
1c:b9:c4:14:2b:88,Ariel_University,[ESS],2017-11-02 20:19:20,6,-91,32.10360519,35.20983374,680,45,WIFI
1c:b9:c4:16:f1:58,Ariel_University,[ESS],2017-11-02 20:19:20,6,-94,32.10360519,35.20983374,680,45,WIFI
1c:b9:c4:16:ed:38,Ariel_University,[ESS],2017-11-02 20:19:20,6,-95,32.10360519,35.20983374,680,45,WIFI
00:1d:aa:81:d8:3c,KCG-ADSL,[WPA2-PSK-CCMP][WPS][ESS],2017-11-02 20:19:49,3,-85,32.10315108,35.2096282,657,11,WIFI
1c:b9:c4:12:af:78,Ariel_University,[ESS],2017-11-02 20:19:49,11,-81,32.10315108,35.2096282,657,11,WIFI
d8:5d:4c:9e:69:22,AUC_4_2_24,[ESS],2017-11-02 20:19:49,1,-89,32.10315108,35.2096282,657,11,WIFI
1c:b9:c4:16:ed:38,Ariel_University,[ESS],2017-11-02 20:19:49,6,-88,32.10315108,35.2096282,657,11,WIFI
00:27:19:e8:ed:58,AUC,[ESS],2017-11-02 20:19:49,9,-87,32.10315108,35.2096282,657,11,WIFI
8c:0c:90:2e:16:88,Ariel_University,[ESS],2017-11-02 20:19:49,1,-95,32.10315108,35.2096282,657,11,WIFI
1c:b9:c4:14:30:38,Ariel_University,[ESS],2017-11-02 20:19:49,1,-96,32.10315108,35.2096282,657,11,WIFI
1c:b9:c4:14:2c:38,Ariel_University,[ESS],2017-11-02 20:19:49,1,-97,32.10315108,35.2096282,657,11,WIFI
3c:52:82:ef:c4:3c,DIRECT-3B-HP DeskJet 3630 series,[WPA2-PSK-CCMP][ESS],2017-11-02 20:19:49,6,-84,32.10315108,35.2096282,657,11,WIFI
00:1d:aa:81:d8:3c,KCG-ADSL,[WPA2-PSK-CCMP][WPS][ESS],2017-11-02 20:19:49,3,-76,32.10315108,35.2096282,657,11,WIFI
8c:0c:90:2e:16:88,Ariel_University,[ESS],2017-11-02 20:19:49,1,-89,32.10315108,35.2096282,657,11,WIFI
1c:b9:c4:15:ec:38,Ariel_University,[ESS],2017-11-02 20:19:49,6,-91,32.10315108,35.2096282,657,11,WIFI
1c:b9:c4:16:ed:38,Ariel_University,[ESS],2017-11-02 20:20:08,6,-81,32.10295372,35.20954575,676,19,WIFI
00:27:19:e8:ed:58,AUC,[ESS],2017-11-02 20:20:36,9,-81,32.10271703,35.21001346,716,12,WIFI
1c:b9:c4:14:30:38,Ariel_University,[ESS],2017-11-02 20:20:36,1,-90,32.10271703,35.21001346,716,12,WIFI
1c:b9:c4:14:2c:38,Ariel_University,[ESS],2017-11-02 20:20:36,1,-92,32.10271703,35.21001346,716,12,WIFI
1c:b9:c4:16:ee:98,Ariel_University,[ESS],2017-11-02 20:20:36,6,-95,32.10271703,35.21001346,716,12,WIFI
00:18:25:12:72:f0,Coolnet-Hotspot,[ESS],2017-11-02 20:20:36,6,-94,32.10271703,35.21001346,716,12,WIFI
1c:b9:c4:16:11:a8,Ariel_University,[ESS],1970-01-01 02:00:00,11,-92,32.10295372,35.20954575,0,51.3588600158691,WIFI
1c:b9:c4:15:3a:38,Ariel_University,[ESS],1970-01-01 02:00:00,11,-95,32.10295372,35.20954575,0,51.3588600158691,WIFI
00:27:19:e8:ed:58,AUC,[ESS],2017-11-02 20:21:16,9,-76,32.10264694,35.20994646,710,38,WIFI
1c:b9:c4:15:3a:38,Ariel_University,[ESS],2017-11-02 20:21:16,11,-95,32.10264694,35.20994646,710,38,WIFI
1c:b9:c4:15:1e:68,Ariel_University,[ESS],2017-11-02 20:21:16,1,-99,32.10264694,35.20994646,710,38,WIFI
1c:b9:c4:15:3d:68,Ariel_University,[ESS],2017-11-02 20:21:16,6,-90,32.10264694,35.20994646,710,38,WIFI
1c:b9:c4:16:ee:98,Ariel_University,[ESS],1970-01-01 02:00:00,6,-90,32.10278712,35.21008046,0,10.0199537277222,WIFI
1c:b9:c4:15:3a:38,Ariel_University,[ESS],1970-01-01 02:00:00,11,-89,32.10278712,35.21008046,0,10.0199537277222,WIFI
1c:b9:c4:15:1e:68,Ariel_University,[ESS],1970-01-01 02:00:00,1,-93,32.10278712,35.21008046,0,10.0199537277222,WIFI
00:11:6b:11:02:b7,yosh,[ESS],1970-01-01 02:00:00,1,-96,32.10278712,35.21008046,0,10.0199537277222,WIFI
00:18:25:12:72:f0,Coolnet-Hotspot,[ESS],1970-01-01 02:00:00,6,-89,32.10271703,35.21001346,0,10.0199537277222,WIFI
1c:b9:c4:15:3a:38,Ariel_University,[ESS],2017-11-02 20:21:16,11,-95,32.10264694,35.20994646,710,38,WIFI
1c:b9:c4:15:1e:68,Ariel_University,[ESS],2017-11-02 20:21:16,1,-99,32.10264694,35.20994646,710,38,WIFI
1c:b9:c4:15:3d:58,Ariel_University,[ESS],2017-11-02 20:21:16,11,-102,32.10264694,35.20994646,710,38,WIFI
1c:b9:c4:15:3d:58,Ariel_University,[ESS],2017-11-02 20:21:38,11,-83,32.10262284,35.20993076,707,42,WIFI
a0:8c:fd:0a:d5:f5,DIRECT-F4-HP DeskJet 3630 series,[WPA2-PSK-CCMP][ESS],2017-11-02 20:21:38,6,-95,32.10262284,35.20993076,707,42,WIFI
3c:52:82:ef:d4:56,DIRECT-55-HP DeskJet 3630 series,[WPA2-PSK-CCMP][ESS],2017-11-02 20:21:38,6,-92,32.10262284,35.20993076,707,42,WIFI
a0:ab:1b:56:6e:de,ola,[WPA2-PSK-CCMP][ESS],2017-11-02 20:21:38,2,-94,32.10262284,35.20993076,707,42,WIFI
14:ae:db:4f:50:75,GuyEmily,[WPA-PSK-CCMP+TKIP][WPA2-PSK-CCMP+TKIP][WPS][ESS],2017-11-02 20:21:38,11,-96,32.10262284,35.20993076,707,42,WIFI
1c:b9:c4:16:04:78,Ariel_University,[ESS],2017-11-02 20:21:38,11,-92,32.10262284,35.20993076,707,42,WIFI
1c:b9:c4:16:f1:98,Ariel_University,[ESS],2017-11-02 20:21:38,6,-96,32.10262284,35.20993076,707,42,WIFI
1c:b9:c4:15:3a:38,Ariel_University,[ESS],1970-01-01 02:00:00,11,-88,32.10271703,35.21001346,0,13.0392141342163,WIFI
30:e1:71:0f:a2:72,DIRECT-71-HP DeskJet 3630 series,[WPA2-PSK-CCMP][ESS],2017-11-02 20:21:38,6,-97,32.10262284,35.20993076,707,42,WIFI
1c:b9:c4:15:ed:78,Ariel_University,[ESS],2017-11-02 20:21:38,1,-88,32.10262284,35.20993076,707,42,WIFI
ec:8c:a2:26:b1:78,Ariel_University,[ESS],2017-11-02 20:21:38,1,-92,32.10262284,35.20993076,707,42,WIFI
1c:b9:c4:16:f1:48,Ariel_University,[ESS],2017-11-02 20:21:38,1,-92,32.10262284,35.20993076,707,42,WIFI
1c:b9:c4:14:2f:68,Ariel_University,[ESS],2017-11-02 20:21:38,6,-92,32.10262284,35.20993076,707,42,WIFI
1c:b9:c4:16:11:a8,Ariel_University,[ESS],2017-11-02 20:21:38,11,-94,32.10262284,35.20993076,707,42,WIFI
1c:b9:c4:15:3a:38,Ariel_University,[ESS],2017-11-02 20:22:07,11,-90,32.10206831,35.20931923,727,39,WIFI
1c:b9:c4:15:3d:58,Ariel_University,[ESS],2017-11-02 20:22:07,11,-78,32.10206831,35.20931923,727,39,WIFI
3c:52:82:ef:d4:56,DIRECT-55-HP DeskJet 3630 series,[WPA2-PSK-CCMP][ESS],2017-11-02 20:22:07,6,-86,32.10206831,35.20931923,727,39,WIFI
1c:b9:c4:16:04:78,Ariel_University,[ESS],2017-11-02 20:22:07,11,-76,32.10206831,35.20931923,727,39,WIFI
30:e1:71:0f:a2:72,DIRECT-71-HP DeskJet 3630 series,[WPA2-PSK-CCMP][ESS],2017-11-02 20:22:07,6,-91,32.10206831,35.20931923,727,39,WIFI
1c:b9:c4:14:2f:68,Ariel_University,[ESS],2017-11-02 20:22:07,6,-85,32.10206831,35.20931923,727,39,WIFI
fc:3f:db:9c:36:3d,DIRECT-5C-HP DeskJet 3630 series,[WPA2-PSK-CCMP][ESS],2017-11-02 20:22:07,6,-92,32.10206831,35.20931923,727,39,WIFI
1c:b9:c4:15:1b:88,Ariel_University,[ESS],2017-11-02 20:22:07,6,-87,32.10206831,35.20931923,727,39,WIFI
1c:b9:c4:14:2b:d8,Ariel_University,[ESS],2017-11-02 20:22:07,11,-96,32.10206831,35.20931923,727,39,WIFI
1c:b9:c4:12:7c:c8,Ariel_University,[ESS],2017-11-02 20:22:07,11,-94,32.10206831,35.20931923,727,39,WIFI
42503_6791_2105347,Pelephone,UNKNOWN;il,2017-11-02 20:22:07,0,-113,32.10206831,35.20931923,727,39,GSM
a0:8c:fd:0a:d5:f5,DIRECT-F4-HP DeskJet 3630 series,[WPA2-PSK-CCMP][ESS],1970-01-01 02:00:00,6,-80,32.10271703,35.21001346,0,97.3063278198242,WIFI
a0:8c:fd:0a:d5:f5,DIRECT-F4-HP DeskJet 3630 series,[WPA2-PSK-CCMP][ESS],2017-11-02 20:22:07,6,-83,32.10206831,35.20931923,727,39,WIFI
1c:b9:c4:15:ed:78,Ariel_University,[ESS],2017-11-02 20:22:07,1,-81,32.10206831,35.20931923,727,39,WIFI
1c:b9:c4:14:2b:d8,Ariel_University,[ESS],2017-11-02 20:22:07,11,-89,32.10206831,35.20931923,727,39,WIFI
ec:8c:a2:08:94:18,Ariel_University,[ESS],2017-11-02 20:22:07,1,-96,32.10206831,35.20931923,727,39,WIFI
1c:b9:c4:14:2f:68,Ariel_University,[ESS],2017-11-02 20:22:37,6,-80,32.10205838,35.20893944,698,24,WIFI
1c:b9:c4:14:2b:d8,Ariel_University,[ESS],2017-11-02 20:22:37,11,-78,32.10205838,35.20893944,698,24,WIFI
1c:b9:c4:16:f1:98,Ariel_University,[ESS],2017-11-02 20:22:37,6,-82,32.10205838,35.20893944,698,24,WIFI
48:ee:0c:3e:86:dd,tachlit3,[WPA2-PSK-CCMP][ESS],2017-11-02 20:22:37,7,-89,32.10205838,35.20893944,698,24,WIFI
1c:b9:c4:16:28:f8,Ariel_University,[ESS],2017-11-02 20:22:37,6,-77,32.10205838,35.20893944,698,24,WIFI
1c:b9:c4:15:43:e8,Ariel_University,[ESS],2017-11-02 20:22:37,1,-88,32.10205838,35.20893944,698,24,WIFI
1c:b9:c4:14:33:c8,Ariel_University,[ESS],2017-11-02 20:22:37,11,-82,32.10205838,35.20893944,698,24,WIFI
1c:b9:c4:14:2c:18,Ariel_University,[ESS],2017-11-02 20:22:37,1,-90,32.10205838,35.20893944,698,24,WIFI
1c:b9:c4:16:f4:28,Ariel_University,[ESS],2017-11-02 20:22:37,11,-94,32.10205838,35.20893944,698,24,WIFI
1c:b9:c4:12:90:b8,Ariel_University,[ESS],2017-11-02 20:22:37,11,-88,32.10205838,35.20893944,698,24,WIFI
1c:b9:c4:16:f4:78,Ariel_University,[ESS],2017-11-02 20:22:37,1,-88,32.10205838,35.20893944,698,24,WIFI
00:27:19:e8:ed:58,AUC,[ESS],2017-11-02 20:22:37,9,-94,32.10205838,35.20893944,698,24,WIFI
ec:8c:a2:08:94:18,Ariel_University,[ESS],2017-11-02 20:22:37,1,-83,32.10205838,35.20893944,698,24,WIFI
1c:b9:c4:16:f4:78,Ariel_University,[ESS],2017-11-02 20:22:37,1,-83,32.10205838,35.20893944,698,24,WIFI
a0:ab:1b:60:b4:ca,36518749,[WPA2-PSK-CCMP][ESS],2017-11-02 20:22:37,5,-89,32.10205838,35.20893944,698,24,WIFI
62:ab:1b:60:b4:cb,Bezeq Free,[WPA2-PSK-CCMP][ESS],2017-11-02 20:22:37,5,-90,32.10205838,35.20893944,698,24,WIFI
1c:b9:c4:16:d2:88,Ariel_University,[ESS],2017-11-02 20:22:37,11,-95,32.10205838,35.20893944,698,24,WIFI
ec:8c:a2:08:78:c8,Ariel_University,[ESS],2017-11-02 20:22:37,6,-98,32.10205838,35.20893944,698,24,WIFI
ec:8c:a2:26:b1:78,Ariel_University,[ESS],2017-11-02 20:22:37,1,-82,32.10205838,35.20893944,698,24,WIFI
1c:b9:c4:16:f4:28,Ariel_University,[ESS],2017-11-02 20:22:37,11,-88,32.10205838,35.20893944,698,24,WIFI
1c:b9:c4:16:d2:88,Ariel_University,[ESS],2017-11-02 20:22:37,11,-87,32.10205838,35.20893944,698,24,WIFI
1c:b9:c4:16:28:e8,Ariel_University,[ESS],2017-11-02 20:22:37,1,-94,32.10205838,35.20893944,698,24,WIFI
1c:b9:c4:14:2f:68,Ariel_University,[ESS],2017-11-02 20:23:09,6,-66,32.10239928,35.20883303,701,20,WIFI
1c:b9:c4:16:11:a8,Ariel_University,[ESS],2017-11-02 20:23:09,11,-92,32.10239928,35.20883303,701,20,WIFI
ec:8c:a2:08:78:c8,Ariel_University,[ESS],2017-11-02 20:23:09,6,-87,32.10239928,35.20883303,701,20,WIFI
f8:d1:11:77:77:c6,HelpDesk,[WPA-PSK-CCMP+TKIP][WPA2-PSK-CCMP+TKIP][WPS][ESS],2017-11-02 20:23:09,4,-90,32.10239928,35.20883303,701,20,WIFI
46:19:d7:34:8c:bd,SETUP,[IBSS],2017-11-02 20:23:09,11,-92,32.10239928,35.20883303,701,20,WIFI
1c:b9:c4:14:30:38,Ariel_University,[ESS],2017-11-02 20:23:09,1,-88,32.10239928,35.20883303,701,20,WIFI
ec:8c:a2:08:94:18,Ariel_University,[ESS],2017-11-02 20:23:39,1,-74,32.10301472,35.20876858,710,29,WIFI
8c:0c:90:2d:75:e8,Ariel_University,[ESS],2017-11-02 20:23:39,1,-84,32.10301472,35.20876858,710,29,WIFI
1c:b9:c4:16:28:f8,Ariel_University,[ESS],2017-11-02 20:24:09,6,-96,32.10325974,35.20874258,687,17,WIFI
1c:b9:c4:12:90:b8,Ariel_University,[ESS],2017-11-02 20:24:09,11,-89,32.10325974,35.20874258,687,17,WIFI
1c:b9:c4:16:f4:78,Ariel_University,[ESS],2017-11-02 20:24:09,1,-92,32.10325974,35.20874258,687,17,WIFI
1c:b9:c4:16:d2:88,Ariel_University,[ESS],2017-11-02 20:24:09,11,-90,32.10325974,35.20874258,687,17,WIFI
1c:b9:c4:12:7c:c8,Ariel_University,[ESS],2017-11-02 20:24:09,11,-81,32.10325974,35.20874258,687,17,WIFI
1c:b9:c4:16:28:e8,Ariel_University,[ESS],2017-11-02 20:24:09,1,-93,32.10325974,35.20874258,687,17,WIFI
42503_6791_2105347,Pelephone,UNKNOWN;il,2017-11-02 20:24:09,0,-113,32.10325974,35.20874258,687,17,GSM
1c:b9:c4:12:90:b8,Ariel_University,[ESS],2017-11-02 20:24:09,11,-84,32.10325974,35.20874258,687,17,WIFI
1c:b9:c4:16:d2:88,Ariel_University,[ESS],2017-11-02 20:24:09,11,-83,32.10325974,35.20874258,687,17,WIFI
c4:12:f5:85:12:7d,Si_2.4G,[WPA2-PSK-CCMP][ESS],2017-11-02 20:24:09,5,-97,32.10325974,35.20874258,687,17,WIFI
1c:b9:c4:16:f4:28,Ariel_University,[ESS],2017-11-02 20:24:09,11,-94,32.10325974,35.20874258,687,17,WIFI
14:ae:db:46:62:2d,Nadav,[WPA2-PSK-CCMP][ESS],2017-11-02 20:24:38,6,-96,32.10333887,35.20871648,691,45,WIFI
14:ae:db:58:0d:6d,__ery,[WPA2-PSK-CCMP][ESS],2017-11-02 20:24:38,6,-91,32.10333887,35.20871648,691,45,WIFI
ec:8c:a2:08:7a:18,Ariel_University,[ESS],2017-11-02 20:24:38,1,-85,32.10333887,35.20871648,691,45,WIFI
ec:8c:a2:08:90:c8,Ariel_University,[ESS],2017-11-02 20:24:38,11,-93,32.10333887,35.20871648,691,45,WIFI
ec:8c:a2:09:8c:38,Ariel_University,[ESS],2017-11-02 20:24:38,1,-95,32.10333887,35.20871648,691,45,WIFI
06:ae:db:55:a6:95,Netanel1610,[WPA-PSK-CCMP+TKIP][WPA2-PSK-CCMP+TKIP][WPS][ESS],2017-11-02 20:24:38,5,-94,32.10333887,35.20871648,691,45,WIFI
14:ae:db:55:a6:95,Netanel,[WPA-PSK-CCMP+TKIP][WPA2-PSK-CCMP+TKIP][WPS][ESS],2017-11-02 20:24:38,5,-96,32.10333887,35.20871648,691,45,WIFI
ec:8c:a2:09:0c:c8,Ariel_University,[ESS],2017-11-02 20:25:06,1,-83,32.10331855,35.20871207,688,54,WIFI
ec:8c:a2:09:8c:38,Ariel_University,[ESS],2017-11-02 20:25:06,1,-87,32.10331855,35.20871207,688,54,WIFI
14:ae:db:46:62:2d,Nadav,[WPA2-PSK-CCMP][ESS],2017-11-02 20:25:06,6,-91,32.10331855,35.20871207,688,54,WIFI
a0:ab:1b:58:2c:06,dina,[WPA2-PSK-CCMP][ESS],2017-11-02 20:25:06,6,-95,32.10331855,35.20871207,688,54,WIFI
ec:8c:a2:26:b0:58,Ariel_University,[ESS],2017-11-02 20:25:06,6,-94,32.10331855,35.20871207,688,54,WIFI
ec:8c:a2:26:b0:58,Ariel_University,[ESS],2017-11-02 20:25:28,6,-88,32.10333329,35.20869387,684,36,WIFI
1c:b9:c4:14:33:c8,Ariel_University,[ESS],2017-11-02 20:25:28,11,-92,32.10333329,35.20869387,684,36,WIFI
ec:8c:a2:26:ae:28,Ariel_University,[ESS],2017-11-02 20:25:28,11,-90,32.10333329,35.20869387,684,36,WIFI
ec:8c:a2:08:7a:18,Ariel_University,[ESS],1970-01-01 02:00:00,1,-75,32.10325974,35.20874258,0,9.36247158050537,WIFI
ec:8c:a2:08:94:18,Ariel_University,[ESS],2017-11-02 20:25:47,1,-92,32.10338601,35.2077061,703,15,WIFI
ec:8c:a2:09:0c:c8,Ariel_University,[ESS],2017-11-02 20:25:47,1,-93,32.10338601,35.2077061,703,15,WIFI
ec:8c:a2:09:8c:38,Ariel_University,[ESS],2017-11-02 20:25:47,1,-90,32.10338601,35.2077061,703,15,WIFI
ec:8c:a2:08:7a:18,Ariel_University,[ESS],2017-11-02 20:25:47,1,-74,32.10338601,35.2077061,703,15,WIFI
ec:8c:a2:09:03:38,Ariel_University,[ESS],2017-11-02 20:25:47,1,-76,32.10338601,35.2077061,703,15,WIFI
ec:8c:a2:08:90:c8,Ariel_University,[ESS],2017-11-02 20:25:47,11,-87,32.10338601,35.2077061,703,15,WIFI
1c:b9:c4:16:11:a8,Ariel_University,[ESS],2017-11-02 20:25:47,11,-92,32.10338601,35.2077061,703,15,WIFI
1c:b9:c4:16:d2:88,Ariel_University,[ESS],2017-11-02 20:25:47,11,-91,32.10338601,35.2077061,703,15,WIFI
ec:8c:a2:08:a3:58,Ariel_University,[ESS],2017-11-02 20:25:47,6,-98,32.10338601,35.2077061,703,15,WIFI
ec:8c:a2:0a:08:b8,Ariel_University,[ESS],2017-11-02 20:25:47,6,-101,32.10338601,35.2077061,703,15,WIFI
42503_6791_2105347,Pelephone,UNKNOWN;il,2017-11-02 20:25:47,0,-113,32.10338601,35.2077061,703,15,GSM
ec:8c:a2:08:94:18,Ariel_University,[ESS],1970-01-01 02:00:00,1,-96,32.10325974,35.20874258,0,98.8271865844727,WIFI
ec:8c:a2:09:0c:c8,Ariel_University,[ESS],1970-01-01 02:00:00,1,-93,32.10325974,35.20874258,0,98.8271865844727,WIFI
ec:8c:a2:09:8c:38,Ariel_University,[ESS],1970-01-01 02:00:00,1,-88,32.10325974,35.20874258,0,98.8271865844727,WIFI
ec:8c:a2:08:7a:18,Ariel_University,[ESS],1970-01-01 02:00:00,1,-82,32.10325974,35.20874258,0,98.8271865844727,WIFI
ec:8c:a2:09:03:38,Ariel_University,[ESS],1970-01-01 02:00:00,1,-76,32.10325974,35.20874258,0,98.8271865844727,WIFI
ec:8c:a2:26:ae:28,Ariel_University,[ESS],1970-01-01 02:00:00,11,-85,32.10325974,35.20874258,0,98.8271865844727,WIFI
ec:8c:a2:08:90:c8,Ariel_University,[ESS],1970-01-01 02:00:00,11,-87,32.10325974,35.20874258,0,98.8271865844727,WIFI
1c:b9:c4:16:11:a8,Ariel_University,[ESS],1970-01-01 02:00:00,11,-92,32.10325974,35.20874258,0,98.8271865844727,WIFI
ec:8c:a2:08:a9:28,Ariel_University,[ESS],1970-01-01 02:00:00,11,-90,32.10325974,35.20874258,0,98.8271865844727,WIFI
ec:8c:a2:08:7b:88,Ariel_University,[ESS],1970-01-01 02:00:00,6,-95,32.10325974,35.20874258,0,98.8271865844727,WIFI
1c:b9:c4:16:d2:88,Ariel_University,[ESS],1970-01-01 02:00:00,11,-91,32.10325974,35.20874258,0,98.8271865844727,WIFI
ec:8c:a2:08:a3:58,Ariel_University,[ESS],1970-01-01 02:00:00,6,-98,32.10325974,35.20874258,0,98.8271865844727,WIFI
ec:8c:a2:08:94:18,Ariel_University,[ESS],2017-11-02 20:25:47,1,-96,32.10338601,35.2077061,703,15,WIFI
ec:8c:a2:09:0c:c8,Ariel_University,[ESS],2017-11-02 20:25:47,1,-91,32.10338601,35.2077061,703,15,WIFI
ec:8c:a2:09:8c:38,Ariel_University,[ESS],2017-11-02 20:25:47,1,-96,32.10338601,35.2077061,703,15,WIFI
ec:8c:a2:08:7a:18,Ariel_University,[ESS],2017-11-02 20:25:47,1,-81,32.10338601,35.2077061,703,15,WIFI
ec:8c:a2:26:b0:58,Ariel_University,[ESS],2017-11-02 20:25:47,6,-81,32.10338601,35.2077061,703,15,WIFI
ec:8c:a2:26:ae:28,Ariel_University,[ESS],2017-11-02 20:25:47,11,-86,32.10338601,35.2077061,703,15,WIFI
ec:8c:a2:08:90:c8,Ariel_University,[ESS],2017-11-02 20:25:47,11,-87,32.10338601,35.2077061,703,15,WIFI
ec:8c:a2:08:a9:28,Ariel_University,[ESS],2017-11-02 20:25:47,11,-87,32.10338601,35.2077061,703,15,WIFI
ec:8c:a2:08:7b:88,Ariel_University,[ESS],2017-11-02 20:25:47,6,-89,32.10338601,35.2077061,703,15,WIFI
ec:8c:a2:09:8c:38,Ariel_University,[ESS],2017-11-02 20:25:47,1,-83,32.10338601,35.2077061,703,15,WIFI
ec:8c:a2:26:b0:58,Ariel_University,[ESS],2017-11-02 20:25:47,6,-75,32.10338601,35.2077061,703,15,WIFI
ec:8c:a2:09:03:38,Ariel_University,[ESS],2017-11-02 20:25:47,1,-85,32.10338601,35.2077061,703,15,WIFI
1c:b9:c4:16:f4:78,Ariel_University,[ESS],2017-11-02 20:25:47,1,-92,32.10338601,35.2077061,703,15,WIFI
1c:b9:c4:16:d2:88,Ariel_University,[ESS],2017-11-02 20:25:47,11,-94,32.10338601,35.2077061,703,15,WIFI
ec:8c:a2:26:ae:28,Ariel_University,[ESS],2017-11-02 20:25:47,11,-81,32.10338601,35.2077061,703,15,WIFI
ec:8c:a2:26:ae:28,Ariel_University,[ESS],2017-11-02 20:26:05,11,-68,32.10344545,35.20770518,704,18,WIFI
8c:0c:90:2f:ca:18,Ariel_University,[ESS],2017-11-02 20:26:05,1,-86,32.10344545,35.20770518,704,18,WIFI
ec:8c:a2:0a:08:b8,Ariel_University,[ESS],2017-11-02 20:26:05,6,-83,32.10344545,35.20770518,704,18,WIFI
1c:b9:c4:16:06:38,Ariel_University,[ESS],2017-11-02 20:26:05,11,-92,32.10344545,35.20770518,704,18,WIFI
00:25:86:cc:00:f8,AUC_54_R,[ESS],2017-11-02 20:26:05,5,-92,32.10344545,35.20770518,704,18,WIFI
1c:b9:c4:16:f1:98,Ariel_University,[ESS],2017-11-02 20:26:05,6,-98,32.10344545,35.20770518,704,18,WIFI
ec:8c:a2:09:0c:c8,Ariel_University,[ESS],2017-11-02 20:26:05,1,-86,32.10344545,35.20770518,704,18,WIFI
ec:8c:a2:08:7a:18,Ariel_University,[ESS],1970-01-01 02:00:00,1,-71,32.10338601,35.2077061,0,6.59179162979126,WIFI
1c:b9:c4:16:d2:88,Ariel_University,[ESS],1970-01-01 02:00:00,11,-85,32.10338601,35.2077061,0,6.59179162979126,WIFI
